Date,M1,M2,U3,U6,"Not in the Labor Force: 16 yr + (SA, Thous)",CPI,CPI.core,PPI,PPI.core,PCE,PCE.core,inflation.expectation.1year,inflation.expectation.5year,house.price,commercial.real.estate.price,change.nonfarm.payroll,wage.weekly,wage.hourly,GDP,M1_growth,M2_growth,CPI_growth,CPI.core_growth,PCE_growth,PCE.core_growth,house.price_growth,commercial.real.estate_growth,wage.weekly_growth,wage.hourly_growth,GDP_growth
1/4/2025,,,,,,,,,,,,2.959109989,1.36970887,,,,,,,63.65182813,2.776002838,0.002917108,0.195662026,0.024220275,0.011350261,0.472887237,-1.626547901,1.948815143,1.765554927,-1.838933974
1/3/2025,7563.510156,3811.052757,6.979118358,7.502375535,54470.71937,93.10795536,49.02229352,64.21959353,59.37039689,,,2.726311857,1.815350189,,,-396.0307525,352.857829,24.53027492,,17.33053618,2.172116279,0.462414941,0.199094782,0.398421758,0.067568533,-0.306055856,-1.309225121,1.731631194,1.057296842,-0.793455843
1/2/2025,4708.502583,6234.693884,4.131666911,7.800075739,50374.51108,182.9363967,56.77020507,55.45042286,54.6083462,,,0.704389033,2.545356385,,,921.8725401,815.795476,22.69426229,,84.73338009,1.217797964,0.2829976,0.133931676,0.07199765,0.134706635,0.664954844,-2.34508284,0.248685992,0.637674462,-1.437331267
1/1/2025,6361.43523,5350.068708,4.809931109,1.153244952,63655.45193,245.8748061,164.8601752,77.44617228,71.22610327,20.32331285,54.16766126,2.719623895,2.279221108,,,-3365.516645,791.7874737,4.730642292,13436.54897,82.70522842,2.030109662,0.307335516,0.133534525,-0.05213133,0.229950363,0.39643319,-0.613694811,0.587185785,1.919204024,0.054458194
1/12/2024,5644.870948,11848.65506,2.120300146,3.225061028,53730.69063,31.35029821,138.4802835,71.30623909,45.22512128,12.12363248,35.2722366,2.298632543,1.749717061,227.8192551,132.8128766,-9331.169696,879.6420425,11.84042825,11329.58226,30.02111645,2.390705287,0.021548967,0.297817262,0.074680235,0.174201885,0.780919124,-2.19284851,0.311346913,1.68525286,1.079835499
1/11/2024,6773.146133,5988.922077,6.335609258,4.244382098,20324.90754,205.7757146,246.9141896,57.65633647,58.9113978,14.39157056,69.38525692,3.709867466,1.024715731,194.2519048,97.20424954,-2343.79885,196.2836205,6.004402625,2690.448136,115.3548399,2.528808094,0.102411459,0.070729018,0.129038376,0.012769987,0.38587099,3.190577664,1.296427298,-0.001040241,-0.764556481
1/10/2024,7702.994954,6782.641578,2.260529602,9.79130057,40811.761,188.2278133,75.81820957,67.24018914,27.73548639,47.03717234,75.73401848,1.860350351,1.596781724,65.86372462,180.879635,-4999.370977,660.1184258,15.74005614,15616.85695,75.80855032,0.609264692,-0.093607997,0.078817945,0.062722762,0.199699874,0.50712099,2.487522814,0.647313363,1.481356401,-2.129320779
1/9/2024,2653.792051,5279.269177,3.834358596,10.0390415,73660.92675,159.2003199,60.92409336,56.22113956,34.0506499,53.9910486,98.5469686,1.649032415,3.168337532,258.997729,241.6181799,760.3224467,529.9195325,12.04634956,7443.673855,108.16004,1.08736067,0.51791356,0.253349758,0.226322609,0.098302898,0.225826052,0.504574931,-0.003514577,-0.202874939,-0.906453821
1/8/2024,3705.879278,4468.489305,6.52296484,0.758188569,1832.471128,81.73645733,59.91089412,77.55908417,67.51786265,37.39177434,70.4437724,1.540609837,1.943005603,205.0015093,45.22080165,-13.33263516,846.7691381,9.70003266,15052.37498,71.14220195,0.973021117,0.471599507,0.039766553,-0.052044096,0.183593486,0.013852993,0.025660438,-0.409551546,1.802334201,1.028488874
1/7/2024,4743.615262,5658.17319,8.552538619,6.900241913,48146.43,148.6082093,180.4455167,86.45163611,32.54718768,60.22532983,32.50271194,3.180345461,1.792711622,103.0560309,246.5002919,-8362.252499,418.6146837,20.21638898,15173.66444,53.637343,0.164156216,0.461414527,0.029150092,-0.026857563,-0.00387373,-0.486235886,-0.020650872,1.299043224,0.925293676,-2.022192395
1/6/2024,5112.220476,10348.79141,2.49410421,10.61274228,34645.46633,62.6037494,93.44415877,71.1040321,99.0385841,63.1961133,91.91072135,1.563511319,0.985008758,167.4537228,182.0509075,-2538.499782,916.2689315,23.63665134,7954.006809,103.0137468,0.545518372,-0.049672059,0.179665693,-0.091741543,0.095577464,0.257598602,-2.25806672,1.887178536,1.406133237,1.314728722
1/5/2024,5596.323104,4556.512579,6.247087755,10.23025907,30532.05452,116.5844003,41.34104397,62.39461865,33.70066803,72.5095113,48.42171962,3.569474213,1.941629164,173.6067281,160.14937,1308.869202,614.3823214,0.974136781,8129.524166,16.97006039,1.156659086,-0.074719922,0.169116051,0.166618473,-0.056022452,-0.113290015,1.902365396,0.992312865,-0.033310546,-2.868777152
1/4/2024,4441.452904,6835.980573,1.516974336,10.44938403,22105.13893,125.8811628,166.5932897,57.11555187,86.81745545,61.73350853,35.20196042,0.382796193,2.590425231,162.3523169,55.04696064,110.1229766,674.5833597,8.919223253,16830.8046,61.69311008,0.814844875,0.180775117,0.043531862,0.165772407,-0.099569416,0.093481229,-2.650593431,1.900339649,1.058672417,-0.626102907
1/3/2024,1326.275812,7085.016428,1.292096515,4.399399053,52205.97816,184.6034492,61.28376896,54.77610059,26.57888666,33.94629258,50.50932045,1.308846368,1.695923865,75.33184873,190.4799558,1346.024018,793.286721,4.450877254,19128.42365,34.18108335,2.71794504,-0.0362061,-0.087449067,-0.046866943,0.169828092,-0.203983246,-2.480479909,1.368896311,0.880787554,-3.334394077
1/2/2024,1567.893252,5043.167388,1.646968414,2.370508493,68665.79404,54.66351179,184.5231974,67.44482844,83.50577437,28.31687516,66.51128663,3.749238415,2.060804568,117.9317761,137.8183518,-6173.621542,725.0531505,13.14984271,14152.09841,23.55254835,0.430559605,-0.08049133,0.225339787,-0.093438666,0.032540051,-0.230170907,-0.819847822,0.846007472,0.155538198,-3.120767487
1/1/2024,6555.718279,2778.476234,2.005814836,9.652300109,37717.26472,176.1522902,77.76398476,51.03681021,91.27649737,56.16447583,63.90769321,3.86978366,3.135457052,106.0320795,57.49182618,750.292588,466.0342559,7.940478659,11969.36908,37.2601936,2.39736125,0.486190363,-0.105120978,0.077048587,0.109407238,-0.208935963,0.505867072,0.046734146,0.090419394,-0.665669074
1/12/2023,6523.280846,7483.372991,0.494721695,4.924102253,21856.29467,79.78173988,117.1132054,111.3580499,67.87840853,51.73378123,35.69770447,1.598384341,0.934471102,71.74657507,158.5241819,-8459.484003,314.0622205,14.84536616,13558.85505,100.7256994,3.066629889,0.186304652,-0.007386915,0.062079545,-0.012613777,-0.241693916,-0.269882926,1.15372266,-0.251938919,1.002924191
1/11/2023,6506.780396,4939.310952,7.437183871,10.42428954,54538.40066,119.7477365,176.2089221,41.69271011,82.9789745,39.57436836,17.89836596,2.094218452,1.810577269,58.38273438,90.24599097,13.21798589,597.8362729,23.23803458,16872.26698,104.9391977,0.659131484,0.371572025,0.273781789,-0.049889873,0.049300477,0.325368599,0.219371347,1.547199392,0.713090107,-1.388671989
1/10/2023,7545.969233,470.5725751,7.127536293,0.774671415,65472.78964,231.2172067,157.4632434,64.36512048,84.99163587,104.8859741,75.52594312,1.86132834,1.267979539,89.83797353,165.583772,-7449.138961,669.9726849,26.33050049,7906.679906,67.09156782,-0.09630246,0.066902177,0.186001277,0.054588917,0.239917618,0.29863668,1.232609722,-0.041153876,0.017456897,2.226869803
1/9/2023,2032.538541,3926.002781,5.214468912,3.395725189,27318.32607,53.20227281,148.8693207,37.66285526,58.70783469,11.57984423,60.72860136,2.527169365,2.584030597,161.411674,55.31285121,584.608678,419.7213577,4.655395892,7976.27201,24.17841014,0.119836241,0.17976911,-0.012091455,0.256642527,0.166430542,-0.21449584,2.18608986,0.124190772,1.407800695,-1.344122291
1/8/2023,10984.14575,13087.60229,2.120736183,2.58459746,52798.58814,170.5185839,207.486142,26.63657259,94.90877886,49.21451161,17.32440699,3.020505061,1.17342311,139.0921792,62.84528559,-3785.725612,272.2087017,17.14635703,10172.26127,57.97926265,2.360476216,-0.00026621,-0.075830578,0.016732546,-0.106173886,0.046655451,-1.539670143,1.561015228,0.136429118,-0.091528062
1/7/2023,5516.545455,6153.021314,4.912481714,8.042789406,43273.48527,189.6759132,217.469154,22.7472519,90.66422165,28.49443449,46.56711065,1.643457216,1.01000323,146.4416532,253.9631156,-114.0048408,569.4845964,11.86786144,6902.428929,115.7247861,0.052749523,0.160050927,-0.098838568,0.335890348,0.07606214,0.453791448,1.61829121,-0.209012998,1.534025415,0.711075918
1/6/2023,1461.026839,7767.647342,3.724497248,2.475501222,45788.8236,40.82666849,205.3976441,98.1792674,113.8295882,68.87999794,90.83301284,2.764226264,0.348635866,135.8513857,14.35928176,-7137.430344,251.5205942,11.58595474,16288.64275,17.01006367,2.380849302,0.152069007,0.171496656,0.287652797,-0.101413928,0.104552163,-0.351820652,2.000124546,1.685511441,-1.951776782
1/5/2023,6254.858478,12728.97328,1.805206004,7.385414136,48423.9845,154.509305,75.1142733,55.82005113,88.27023487,40.78174429,29.20227862,2.624923597,1.354670439,242.2932273,159.0130826,-8138.284742,711.5610719,16.73173548,17837.57558,29.88399677,1.522218514,0.536070767,0.142444388,-0.078535218,0.017587943,0.137124173,-0.963084572,0.212279498,1.396266166,-4.478844567
1/4/2023,6007.212845,3646.07753,1.6865723,7.018567366,37872.09994,217.9046214,99.95094612,76.91108764,50.35736413,50.18792027,91.23792248,3.536462929,1.76515764,104.7924827,78.73605667,-799.7372198,604.8630326,11.70721921,11243.47153,64.72120359,0.198584236,0.2222045,0.006178313,0.242569138,0.140120457,0.276767746,-1.392729555,1.062564851,0.639462692,-1.528410336
1/3/2023,9057.639984,8038.161672,7.737868953,12.02148375,63208.77429,112.2607687,58.02326743,41.79332142,64.10494569,57.33632138,56.82621649,1.078933222,2.121909987,96.1572332,94.97257163,-4467.163242,338.2175071,11.43225288,17410.79754,62.61515505,1.663762777,-0.033774674,-0.112497627,0.059439203,-0.032616577,0.237108971,2.602183909,1.633443737,0.952315825,-2.419294912
1/2/2023,9530.88088,7224.632968,4.960756776,11.47338138,24078.40962,141.3557295,111.63239,11.1866525,68.74817692,63.35574361,69.26494909,2.951773683,0.323761326,250.0733856,106.3407083,-7739.665446,531.1943696,11.8860411,9350.230754,23.957608,2.590923005,0.157433804,0.245964568,0.218316956,0.144982603,0.346538615,-1.326694775,0.793397189,0.829082919,0.22542314
1/1/2023,6639.029431,2208.608585,5.385316818,1.84249562,51331.48645,137.3859048,140.3655064,27.10271324,62.90640996,4.216135613,43.54637521,2.783641271,0.86012158,178.4664704,91.42991604,-8234.103367,329.3340402,19.67664982,19441.19425,11.34512695,2.128590176,0.543478761,0.257778399,0.172052532,0.126818681,0.007524838,1.017583232,0.907825889,0.605238722,-2.035507631
1/12/2022,1073.050403,5958.304798,3.57108035,11.93103498,43773.09083,141.607493,35.08373182,83.13034396,90.69526027,66.14502558,54.2180871,3.85572137,1.753853526,160.0937769,64.21862473,-1647.157999,295.4494054,8.573710065,12574.2723,35.9309225,0.431593868,0.462899929,0.0250985,0.128776491,0.153478716,0.34216495,-1.51991447,-0.156090791,0.349608357,0.368278694
1/11/2022,1275.64579,11530.95953,8.010406485,11.10879379,43912.87442,125.393511,127.7703885,71.17647234,109.9270551,39.73223041,27.52783923,0.853303489,0.696173036,123.3836493,16.031067,-8950.240628,234.1069506,14.43993409,9858.389387,105.4145072,1.804057193,0.276869889,0.114779207,-0.154143953,0.145933429,-0.219675766,0.865709864,-0.119552376,-0.381870128,-0.478528591
1/10/2022,4881.866935,2421.771446,7.701816433,7.981306081,48977.36038,102.5131326,184.0697951,60.50983682,57.93158504,25.27585463,23.55509732,0.471238557,1.368916378,85.41253075,95.48153209,-5527.861907,332.9751351,10.9963421,16443.97109,25.21837025,0.022887715,0.562090658,0.287530409,-0.025668199,-0.029474315,0.087827082,0.131227239,1.554341431,-0.149404566,-1.284018775
1/9/2022,5148.297001,14680.25382,4.228329308,2.38563734,55002.94121,166.9075431,161.0569091,50.53930493,63.67645749,70.3027399,51.69804229,0.867091906,1.329126744,214.6008692,33.24964463,-2659.042081,316.2952219,17.37446738,3910.635142,95.794386,0.606060564,0.367396265,-0.069423806,0.166139683,0.008863488,0.342024923,1.389584201,2.211878966,0.590243902,-1.240967208
1/8/2022,5376.980456,7324.170663,6.075443665,3.324159044,66197.39521,85.27971968,165.296224,19.16227244,109.4067182,80.98254689,52.75079123,3.567219146,1.579901334,53.38330444,107.9311709,-2133.273429,406.0631705,8.198179404,10744.75345,4.123588271,1.257686835,-0.02587317,0.212476687,0.304511993,0.256592049,0.243779255,-0.782401123,0.686547268,1.514131579,-2.16697743
1/7/2022,4192.035407,3839.916704,1.645915937,7.566229873,39033.90786,230.5874573,106.559067,24.79141092,61.00250439,64.22557561,96.5609987,3.798905745,1.322421868,81.7018073,103.8604796,-349.1017987,791.0200325,25.30597765,14630.47002,46.08412094,0.780724633,0.248068191,0.01980069,-0.028403835,0.172425302,0.577826871,-1.926619888,0.989602223,1.472612499,-2.73924285
1/6/2022,5443.520559,9852.378696,2.882817119,10.03956665,19758.06567,145.8984784,76.71736502,87.41482051,87.49134127,43.01678643,74.09646878,3.830454094,1.709784711,212.5717275,73.42720765,-5716.557794,484.3209444,11.17821202,9983.692826,64.96254811,0.452288712,0.079854266,-0.100663747,0.360631715,-0.063071149,0.310262015,0.186561452,0.228209209,1.862457057,0.355824996
1/5/2022,6735.140378,4238.163083,3.341453475,2.548723434,45197.62736,147.9360694,178.8454078,41.95186083,73.03854061,82.83321329,40.41546934,2.428683337,1.22208751,141.2848551,84.12142442,-7341.500032,402.8516317,18.56683214,11836.67451,74.02188277,2.793818414,0.268750052,-0.030557662,0.230249196,0.156597522,0.084585087,-2.752102838,0.063920503,0.783493294,-1.778768117
1/4/2022,4973.343416,9604.825441,4.132833484,10.10336643,41961.23809,159.9648108,178.4037135,7.659427321,35.09834585,50.50976704,46.74555139,3.366341009,1.839682018,86.54651708,95.58762121,-2638.949095,661.7136189,18.75022902,6587.073849,96.99644464,1.48546178,0.062394128,0.04944793,-0.030239038,0.127482936,0.551015845,-0.324615509,0.03669937,1.596016082,1.713380462
1/3/2022,9681.939702,10376.53544,3.957198631,13.14985307,38673.85142,178.1783011,209.4359922,14.54292439,67.49926632,47.72002632,48.40903512,3.577634715,2.467399886,42.01796963,104.6355128,-1269.938303,394.6827453,9.75310249,7889.838664,68.86843149,-0.300571627,0.393242183,0.005994804,0.156042199,0.110642628,0.304795467,1.106177431,1.044635703,0.543035157,-2.516959011
1/2/2022,9491.105727,13753.13522,5.523773436,4.901788786,32735.3478,7.805743324,107.2200745,89.45129062,79.02542255,60.14769981,47.06244833,0.351973212,0.87963662,228.4632251,78.92266096,-5374.771206,255.370972,21.25405761,8791.111564,113.7396816,0.867413181,0.238006093,-0.005800527,0.094151594,0.12931044,-0.236607048,2.450348472,1.366842747,1.466165618,-2.737064814
1/1/2022,1485.602938,9542.100434,7.837102838,9.782948756,86070.58943,26.12767854,124.8933887,105.613705,32.86015702,71.38580538,64.0631484,0.949394415,2.525639997,45.18042879,101.713657,-7717.538239,350.6144158,3.844320723,2475.02693,25.17655629,-0.278318203,0.42645546,0.082495498,0.171857101,0.158253782,0.090135467,2.336235654,-0.027122864,-0.019875971,-0.698356228
1/12/2021,4491.030216,3513.695945,3.053777839,4.265672225,52800.20582,249.7528265,119.5212198,77.4031321,32.7199089,60.50062322,100.2781524,3.51120138,0.625467658,129.3086195,196.4679138,-6125.266363,451.0504466,19.0719437,9084.942813,101.4938544,1.029922667,-0.012955662,-0.002072667,-0.046474686,0.217557031,0.543517761,-2.02168497,2.242327625,1.448422284,-2.315157558
1/11/2021,1705.855484,8301.958054,8.241528294,11.40617021,66611.41508,87.38653143,121.8896288,71.6704328,48.97132869,102.8245871,49.52328293,1.674893066,1.609159454,211.5591486,136.177064,21.39723273,163.1958136,20.14394077,9889.039538,28.28132086,0.658294872,-0.075066345,0.316061215,-0.065383984,0.195847851,0.536095752,-0.840781132,0.576081004,0.336261257,-1.466709705
1/10/2021,908.9516013,7313.346949,7.570921522,6.249808569,85351.50585,159.7757981,80.48230014,79.47169952,67.14573935,31.68722061,72.26558404,2.316617413,0.59626686,214.8962937,54.89285371,-2021.849991,376.9591436,12.31731837,10374.33087,12.39727062,-0.420502273,0.454979932,0.068666081,-0.018275463,0.195324531,0.342271834,-2.460018667,0.455646164,0.931968377,-0.957801807
1/9/2021,3040.259261,4044.184889,1.771779019,7.085207606,23874.6562,225.8587995,115.7643266,91.43737697,42.86539899,68.11202795,29.03136809,2.727759906,1.901773734,214.7933432,166.6452005,-6633.382583,701.1062757,17.43065108,9416.075029,5.509081113,2.472819492,-0.283975986,0.320580972,0.041403878,0.162221448,-0.023791172,-0.140056888,1.000221664,2.079355077,-3.863520945
1/8/2021,8430.86514,12909.67422,2.412395225,10.00025206,2515.744566,151.6549012,98.31138324,40.25981364,43.4954298,53.17688679,50.34234982,3.545666588,2.983077211,134.5335471,166.6596527,-5949.750802,319.9388395,11.4528491,15482.77284,76.42839534,0.838753245,0.419449256,0.193540236,0.317369395,0.173351658,0.55813984,-2.441921413,0.876906473,0.046448678,-2.248761176
1/7/2021,2589.75978,4306.990121,3.832673787,2.693066614,54836.91629,140.4158839,101.1774821,64.28388522,31.75062344,82.64439744,54.22091081,0.448633144,1.395215115,131.6160389,68.76418161,-4192.306065,322.7496972,9.800349756,7811.200686,86.65221781,2.087563795,0.150522592,0.121545509,-0.08227092,0.043931806,0.261192199,1.082658709,0.887577471,1.516049512,-1.973554756
1/6/2021,4696.701809,751.8465541,5.238094856,1.844088832,73359.73275,134.7779135,35.53090521,73.92146997,66.38361601,70.8808214,80.24777874,1.505048967,1.72622879,79.02974169,117.4955994,-6110.822641,444.9581114,18.42849444,13777.22658,43.0312569,0.241628545,-0.262302057,0.004175325,-0.052564783,0.010046222,0.370809749,-2.081461447,1.36738544,1.294169739,-1.617310711
1/5/2021,9024.22623,9765.082164,1.585128712,4.512605101,24322.61545,129.1347297,197.681471,69.06797783,60.12026546,26.85703914,36.8392199,3.319085611,2.856917091,187.6166826,147.5599485,-7326.199091,583.5204437,0.344928166,8853.074257,39.65420124,-0.04617299,0.341118673,-0.053345685,0.227974004,0.018746966,0.741085175,-3.090256179,1.399738129,0.092393407,-0.232019831
1/4/2021,772.5251475,9732.609468,2.00778861,8.673964957,62318.88539,81.52632589,143.7666044,87.4743314,63.14542368,33.50282921,57.11248409,3.04106868,2.256801437,117.3016474,100.8150079,-2704.568775,812.7068872,18.66195483,19564.57573,63.52992983,0.515369485,0.633943756,-0.171167408,0.225426762,-0.092143521,0.59679321,-0.292829446,0.156708683,0.037275653,2.362005087
1/3/2021,5475.554357,11777.16181,1.602901571,8.139432167,42620.6153,216.9351813,224.9362045,40.61214774,33.03357536,77.48225768,29.59625751,2.418965578,1.716222041,210.0871355,164.0911638,-2482.994854,374.4409495,21.46223664,19472.59448,51.87021221,2.274114153,0.208327907,0.229106778,0.098573256,-0.013379576,0.367615011,1.076461642,1.720925073,1.205413325,-2.47773251
1/2/2021,476.4968233,11843.76673,1.929902125,5.569905724,24031.62144,114.2696188,145.0659769,108.0247514,73.24206159,34.40311474,9.766283818,0.933522121,2.83142654,268.3177128,219.452953,-2410.160935,123.5977672,6.145072536,9030.740653,102.9937363,1.506296567,-0.073462675,-0.102992075,-0.134399449,0.132734822,-0.049050235,1.408607049,1.366476853,0.80364594,-2.35307674
1/1/2021,502.787638,3088.754722,7.595045299,10.96937148,60472.27757,112.7817676,105.0197674,30.58443306,41.92960102,53.82771029,83.69254053,3.271906114,2.197615559,225.233135,137.0548334,-4606.1851,350.6822821,16.25292642,18137.34271,36.16256032,0.316128192,-0.070922162,0.385297751,0.204508737,0.016304715,0.601932316,-2.952186095,-0.268340049,0.600732082,-0.154425962
1/12/2020,5781.939325,6455.012735,3.573423667,8.010293903,79210.9923,129.6072826,149.6479353,20.50158245,68.56908603,37.31630555,48.05818158,2.752290357,2.144889413,235.9732813,176.4860543,-2122.624956,831.7906127,19.02551689,4027.240621,84.20362406,1.782227299,0.074504373,0.06290623,0.274561908,0.124541079,-0.047233167,0.529104453,1.89526076,0.942642624,-4.489554879
1/11/2020,3709.081778,4964.020835,5.486331482,8.74101492,24930.82119,99.2031666,211.8945559,65.30602222,43.45279599,42.06219204,50.45427622,3.120298073,1.251870536,198.5716079,97.62657674,-1161.644513,473.4740004,5.895851504,13990.505,31.40829127,1.636556729,0.0979085,0.184826133,0.148564248,0.072560351,0.079255141,2.655771454,0.223259945,0.893286287,-3.060985
1/10/2020,10381.64291,11336.33038,7.737635343,12.30996411,53110.21794,75.24351823,99.59170109,74.51855551,58.86137879,73.69497017,83.19194295,1.929518173,2.751475792,259.1777213,85.01687532,-3434.640862,251.9040211,17.94922499,13841.37629,107.0651809,1.113599575,0.141515326,0.148823794,0.245016839,-0.058406709,-0.108851336,-1.190978982,1.367567295,0.288195186,-2.817170513
1/9/2020,2924.352803,9593.920029,4.241789336,8.144124674,67729.26825,155.2685312,71.01703971,80.68558984,8.734821502,37.08934168,42.88505728,2.410446932,1.714859823,248.5494534,115.41534,640.9403058,419.3469583,16.57775023,12226.01994,51.47847382,1.790516056,-0.095104021,0.119484487,0.288595672,0.069257331,0.200107571,-0.27356,1.3194465,-0.007839177,-1.498588352
1/8/2020,10210.73532,5012.35994,4.540673735,6.905451704,52521.30138,164.3528277,206.6865388,59.37142198,41.19180164,47.01978788,1.56256981,1.327089072,0.886083291,126.8254309,82.05289465,-5337.253648,575.9793665,17.47302231,9962.098294,47.38506239,2.237482666,0.470350819,0.171146915,0.117755956,0.045267726,0.492158473,-1.50233137,0.907289439,1.311666089,-0.992936354
1/7/2020,1275.308375,8331.841433,4.013149502,5.704748138,47432.52592,86.70554972,122.5086651,20.06325024,73.42166914,44.74502924,13.69972795,1.428437001,2.021029765,215.8168969,218.0627137,-7275.749102,891.2372343,10.94281078,11211.83338,106.2311426,1.592484359,0.221868681,0.043719085,0.114357094,0.18602504,-0.173127013,-1.350073221,-0.024582586,1.635928384,0.030290356
1/6/2020,7133.639006,7192.526769,7.126162248,5.537645137,55351.85502,152.0581356,208.1729625,18.77965652,24.19849401,47.64098291,53.3339718,0.613400553,1.017217991,216.4096906,107.8429697,-3087.810683,554.1437637,20.24869092,14831.9096,106.3938149,0.79149736,0.16103759,0.022413546,0.220502291,0.155065929,-0.093978278,0.403396359,0.158819378,0.614959467,-0.61308383
1/5/2020,7871.572954,11022.08774,7.087994924,9.023013615,45554.79945,135.7026398,228.5383305,57.52500468,60.48867422,41.65185665,99.27017837,2.268414126,1.318550106,175.4210219,196.8389416,1372.629379,559.4749845,16.16897419,17039.36379,112.0734905,0.601622041,0.225867046,0.134075606,-0.1078476,-0.065059175,-0.040321464,0.97502545,1.233527499,0.420946179,-2.419638989
1/4/2020,5734.2344,2811.269646,1.361900916,1.629512281,42274.5269,127.4029896,104.6211452,45.24266131,56.92525276,1.414323027,57.8518244,3.52407623,1.000197546,142.0057583,27.28744425,-7628.59027,500.8913768,20.38282813,14572.34735,26.01619713,2.371829319,-0.120436807,0.036257371,0.202196476,0.116498724,-0.236943442,0.789552496,2.267091736,0.397832971,-1.357413948
1/3/2020,8281.733478,4251.715042,4.428318613,5.819158532,57434.96462,195.7334068,44.81600013,20.48870417,74.60211088,54.80675053,58.30151164,0.325825375,1.625644183,149.3089797,208.9800898,-1472.286457,419.6938289,19.42679497,10808.82098,89.86492536,0.527289156,0.326438861,0.089302757,0.042543125,-0.035504846,-0.189382601,-1.585183082,1.371475286,-0.076688192,-0.091514719
1/2/2020,3282.531584,11760.54804,6.079730737,4.153183151,21920.29754,52.99921298,217.1099151,60.45707635,64.38633102,59.40958728,49.37143927,3.316099465,2.193784149,193.0014507,59.37034359,-9920.746937,768.4834645,20.90175407,10181.90122,94.9337811,2.074674713,0.185220956,-0.038907126,0.168275968,0.035980365,-0.412567136,1.13417349,0.694349139,1.013158599,1.640937421
1/1/2020,7720.27385,3670.548777,7.839837802,2.703424291,72776.54652,167.993887,194.8491125,91.5562976,72.50376762,13.16537655,53.27814201,3.467719135,1.25201853,59.22653519,122.7185997,-418.9105405,901.7340142,12.32055832,13113.16887,11.2176131,0.388434346,0.373633898,-0.089428021,0.152204377,0.17565616,0.248090391,-2.519405444,0.42309758,0.597331986,-1.224512501
1/12/2019,1024.290683,1690.605512,5.546616648,11.36015932,81735.20145,240.7780498,70.60241411,94.97117615,59.91129174,68.72008479,23.86196899,4.196595501,0.502962164,33.23416885,106.964179,935.6513831,664.9923386,11.34789356,9291.407036,79.87348818,1.38301316,0.344932915,0.00022668,0.292542474,0.102523239,-0.141281306,1.888726831,-0.050076859,0.973754092,-0.984326721
1/11/2019,4814.657373,10558.19036,2.782223196,12.82515146,66953.92958,74.9033324,264.6892091,76.8345759,65.18495788,43.04298214,65.19806364,0.905770069,0.58926423,116.936063,221.5435001,-3629.697323,254.9389213,12.96902677,19667.94094,101.0050154,2.439662613,0.24369492,-0.089213881,0.092040854,0.062926946,-0.395754765,3.106947769,0.991126662,1.17448073,-0.665150634
1/10/2019,7950.889543,5904.756378,4.438127413,12.01196793,67643.03882,21.94366537,223.1992488,7.710475584,91.62236633,60.61788658,27.13367969,2.472947094,2.883565338,208.7419778,42.97226034,-5733.393028,380.041675,14.23683433,5471.98472,25.99121974,2.599371752,-0.06399742,0.174707843,0.098194505,0.170961741,0.52560781,-0.406175007,0.245793424,1.673252777,-0.136546477
1/9/2019,1152.059329,8360.184852,5.019578825,4.680294194,46898.02233,203.4442839,22.18972005,84.634973,106.0476025,44.3872907,57.32037814,2.514379197,0.72462384,95.34752345,45.48964678,-2035.28851,234.0057544,12.25889217,16322.1444,83.89692207,0.898660785,-0.051442591,0.155523035,-0.063192556,-0.096823852,0.22629706,3.125474937,1.737236792,1.068779279,-0.979173343
1/8/2019,1429.781302,3014.708647,1.171049834,4.335801079,69175.65767,30.13721814,163.4064986,23.10093916,14.96705915,36.74975451,78.36249543,1.069372749,1.077875379,109.6024972,77.83566019,2109.327476,734.1955621,21.33242829,820.2203824,91.2893346,0.06106604,0.464454525,0.127140222,0.158475413,0.091061341,0.608094706,-0.051241486,0.915625111,-0.260798444,1.185176048
1/7/2019,11150.38068,9285.770244,4.131012317,13.30234783,69917.41824,130.860061,104.5444632,29.43535469,101.0345359,81.50055779,79.10823627,0.78039895,1.355169642,134.2939895,168.9263518,-5492.459225,671.7920008,12.1996368,12451.59337,0.91345222,2.577905205,0.123995382,0.203804522,0.245677299,0.180626421,-0.136797624,1.895314132,1.099803316,1.403355959,-2.814527071
1/6/2019,1197.642484,11907.344,2.655833981,1.857856112,38518.02124,104.0331528,183.6604921,83.20948956,91.0496489,50.06744645,44.23486579,2.899015792,2.175647176,94.8175168,96.76247639,-5687.067385,848.4335424,6.691894693,13266.24067,98.48125617,1.202655102,-0.074838227,0.034345419,-0.075391824,0.217080258,-0.218959323,0.154540769,1.268539599,1.171409037,-0.546441022
1/5/2019,2471.734706,7896.975809,8.062960918,4.233594747,45619.35438,170.4036986,23.50459914,63.75400778,58.81185105,13.0370217,22.79080278,1.051814933,1.810117835,10.86412722,115.1496355,-1020.127303,581.3842447,3.504254928,9393.526682,90.09271167,1.104854338,-0.248522814,0.227275292,0.037137482,0.248796904,0.363241351,1.441593841,0.213474085,0.729999476,0.973867112
1/4/2019,5755.035473,7690.457853,8.548461303,1.835144742,46120.09429,159.9699993,104.3674464,69.82473689,90.73019587,73.84940484,74.09990491,2.407238871,1.524367342,68.6077167,213.470057,-5718.136878,264.0396916,4.766320729,5896.780391,71.68590856,1.034586143,0.047893954,0.341627492,0.073572208,-0.024311984,0.036617853,0.803375273,1.505288888,1.193297751,-3.183412832
1/3/2019,8251.902571,13150.7852,3.975659917,7.659228387,33488.91126,123.2965306,78.69124407,73.134823,39.45444008,17.46120939,64.89309963,2.931676801,1.054809798,209.3563937,115.3120221,-1370.584369,287.5814806,11.27238819,10421.90105,68.80282244,1.237039526,0.184622815,0.015573494,0.237345832,-0.035695698,-0.043354977,-0.653969068,-0.025638747,0.933197139,-2.208635652
1/2/2019,2684.201746,3259.34705,4.341431121,5.561354745,46311.99867,56.78788618,186.8390731,77.36974541,80.02292586,54.29071617,74.68645909,0.679698712,2.42509766,165.3037214,87.99067438,-1986.256509,229.6866113,14.70197134,1846.876348,1.940949391,1.395007182,-0.137530133,-0.073491127,-0.01637396,-0.017783884,0.261071862,-0.247656019,1.232837459,1.269138886,0.918190435
1/1/2019,6038.919018,13224.72012,3.106678571,13.02589045,87102.50166,184.0398334,93.03914664,95.05491635,54.93777176,59.36466176,60.60012102,3.725444815,2.196145044,92.62362881,37.37836725,-2721.441742,370.2491967,25.49695825,10728.60759,41.58757964,2.906355412,-0.306494342,0.261890745,0.008428625,0.158068296,-0.278512926,1.467121959,-0.323346612,1.319397829,-1.422031634
1/12/2018,6808.197557,11816.96322,2.462027611,2.897821076,49315.51316,26.86879194,107.8693626,40.65531093,57.07020737,53.92351939,28.36926314,1.418921482,1.312667227,162.2087077,187.8636224,-3625.999722,463.9223584,15.67041086,1803.447826,23.52346049,1.086989852,0.287905244,0.075593467,0.000399498,-0.040902787,0.370968025,-2.982342271,1.626665272,0.982457647,0.01716974
1/11/2018,5647.881465,7454.135444,5.061115813,7.609081465,57337.5122,190.5208298,179.7099121,74.16914647,53.4406465,97.45906442,61.95813561,1.021755201,0.485298899,138.4499948,134.9121458,-913.9590536,608.3039743,14.10577851,16478.75725,92.37668784,0.826805957,1.17176E-05,0.162096322,0.223786415,0.145809921,0.014561084,0.834330917,0.215947829,-0.045650559,-1.808860153
1/10/2018,9916.6454,4771.594162,1.322561896,10.52427777,86074.01141,122.2654052,12.25597309,75.32226647,110.3582015,74.54827328,43.36445787,1.943259267,2.460908192,222.1205478,217.310922,-976.9560717,338.1818516,8.113945932,673.1379029,68.97348516,1.481131855,0.339920484,0.145943548,0.21560288,0.064843651,0.211397116,0.955242646,1.452632482,0.972682363,-2.374713924
1/9/2018,1365.086041,5996.677905,1.707744181,1.488113387,35258.62934,85.57140284,143.9689169,99.57775181,93.66514916,93.91106856,22.30936224,2.37645404,1.205509153,217.6700991,118.76093,-7375.197036,165.218281,15.08196093,18824.74632,37.72897114,1.590791349,0.371202586,0.282350411,-0.103444291,0.175506544,0.165007376,-1.985630348,2.266055177,1.154789537,0.142010698
1/8/2018,7157.555125,8232.513416,6.589689647,5.185846729,18061.70638,191.4867996,166.3933489,28.38317686,73.47558957,77.94092692,80.36751127,3.006621398,0.271487505,175.6720761,218.034868,-4566.562844,415.9402251,5.294592593,6572.595744,61.10026903,0.052611902,0.237407401,0.016934801,-0.125940394,0.025820542,0.078163085,-3.132823997,0.695083193,0.280542412,-1.508804333
1/7/2018,7885.318915,11403.57792,7.319085877,6.179105981,30251.42797,256.6798001,136.1669772,79.62409957,52.35017852,75.95735177,90.71839552,2.060727526,1.964128253,258.8778644,114.4556317,-5365.493168,382.6336661,18.67317526,11635.98573,30.19201906,2.627445065,-0.009297535,0.326395754,0.195547992,0.12726543,-0.307947773,-1.066589443,-0.520459979,0.408201076,-0.597164315
1/6/2018,10618.67924,9883.140857,6.122921173,3.028815235,26061.39004,176.8816154,83.09280204,114.9608205,65.52789526,76.04154409,86.30176839,2.028668915,1.770403619,174.7683824,61.99213844,153.5724529,503.1906728,20.29989735,15688.44017,98.01598918,0.16526599,0.484107415,0.157169994,0.159605257,0.118358091,0.31884945,3.017417921,0.211742074,0.613454475,0.527474282
1/5/2018,2277.737502,7474.583937,6.698786673,12.84200238,25908.36588,127.765217,120.5734298,68.07740461,40.23966555,10.87387425,41.0286775,0.992311024,3.2367819,146.9052164,156.493407,-5931.327656,638.6269709,0.916963958,17502.66274,3.213492661,2.949677764,0.437179701,0.022690494,0.352138767,0.100374148,0.25210832,-0.892456851,1.420983159,-0.041928656,0.228730831
1/4/2018,4890.051956,4037.796965,7.163744344,4.43378839,62933.47388,151.177595,217.392692,43.50130206,106.8878479,78.3089933,44.53298307,1.253443208,1.23801875,171.0223219,173.0837144,-1599.115619,350.6763695,14.76599333,15861.19842,79.96839397,0.176423014,0.056245172,-0.006458158,0.013541755,0.057066964,0.337410256,-1.456449489,1.791693225,2.192648205,0.232652431
1/3/2018,2471.471019,9023.66595,6.208668168,8.130360476,48359.66634,116.0275523,229.3329694,55.26331344,58.35104583,58.57165066,40.01213878,0.82474843,0.816749639,108.1620196,136.5913649,-1921.271249,824.7596946,7.532855823,15340.33166,45.86944516,2.51238815,0.029501939,0.172989861,0.109910883,-0.040985759,-0.03376475,1.266555872,1.767293118,1.70327018,-1.015103532
1/2/2018,2898.656922,14968.87517,5.484390429,7.280983115,11121.05947,110.736178,132.4439367,44.25534627,100.0729832,61.26296236,61.10454551,1.398166102,2.313982693,160.0132203,157.8876557,-809.3777211,469.6850342,11.86838744,6191.229789,89.75528851,1.637790803,0.084127228,-0.059137415,0.109709297,-0.030923899,-0.394560748,0.059377392,1.459898121,1.012750452,-0.351260975
1/1/2018,5768.466216,10947.57739,4.963955287,7.338965147,73596.18086,166.2793475,264.2448144,97.54625749,29.61344077,63.3416528,75.7970064,0.87140901,2.835716514,89.93900359,136.1481634,-3166.781991,375.0432829,21.17576987,18310.08312,60.84163653,0.511870635,0.230716966,0.045228523,0.062693244,0.014225053,0.276432605,2.478736753,-0.290658305,1.144220634,-1.012985628
1/12/2017,5255.78001,11655.05862,4.504822994,5.767061545,60922.59407,165.7490684,227.1224422,60.3136279,13.92725245,64.68642488,81.7000159,0.75063797,1.026880375,78.95352911,178.8618382,-6798.029157,342.8804015,22.78310421,17179.89382,89.47445902,2.780304817,0.324558126,0.057643882,-0.014139784,0.067942879,0.543896657,-2.072996949,0.20882643,1.684289735,-0.124185991
1/11/2017,7612.076796,3920.280883,5.798924406,11.6901925,4287.430615,75.1201037,130.9512739,25.32639836,98.8590074,75.40477113,40.33425554,2.243906046,2.325629293,86.84730984,144.2434618,-7691.758536,271.1169397,21.44852332,5717.431174,70.57042656,-0.118312152,-0.050518368,0.052783517,-0.071417581,-0.000683075,0.464175017,-2.226172206,0.433124626,0.402048881,1.499675541
1/10/2017,1852.203938,12840.68651,1.773542441,8.7321017,13994.95907,131.6904847,241.1460998,51.94255821,99.67038053,31.65960808,69.46961954,1.432882436,2.459537021,158.6685094,73.60645957,844.7013242,446.1713486,17.07464304,14966.1148,25.75315481,0.24927016,0.015372907,0.087550251,-0.154023207,0.202567916,-0.261791549,0.714083773,0.803162239,1.125537282,-3.098669613
1/9/2017,5641.252726,4329.138307,3.174122078,3.898087581,72554.41285,134.2964329,37.99729086,84.15676267,74.00801078,11.35367844,46.26969321,0.457395414,2.286510012,196.3561395,72.40408187,-6988.16985,108.8794807,27.40270675,12342.20844,108.2255328,-0.260245067,0.579071373,0.001823018,0.274806525,0.165328674,0.495779841,2.044044923,1.8994819,1.850731689,-1.265326301
1/8/2017,8793.69614,6844.657956,1.672816753,9.417740135,47125.13971,189.8030805,75.01932551,44.57077662,80.22084045,56.59083353,52.56871759,2.639816193,2.903316501,135.8606761,175.4723605,-3789.329575,255.9749942,22.50660377,14569.84469,81.71431837,0.609601122,0.271313619,0.286044255,0.244432471,0.021343628,0.615043733,-0.535741575,0.969163268,1.875778333,-0.114916372
1/7/2017,7894.390517,13221.76612,8.354152962,3.044674703,59742.29488,114.7069363,41.74560544,65.14760813,68.80981785,41.41771712,36.88959376,2.335202258,1.820295758,134.7082492,135.9548988,1251.238073,342.8923688,12.62415793,8375.25098,73.01300638,2.185167736,0.428616241,0.141287429,-0.135905302,-0.098923269,0.505487279,0.91821457,0.237090538,0.780719451,1.41690361
1/6/2017,8063.024526,5857.503686,2.244989438,11.07251395,48704.80959,206.0314338,100.3292618,92.35183149,53.1689928,57.09006216,71.57248296,1.494974829,0.690108414,136.663138,131.4354661,-3031.865095,269.6595505,19.99112538,3194.382278,24.9382262,2.126692768,-0.081457989,0.201803003,0.129871919,0.065977645,0.31183621,-0.101181047,0.087158901,0.363982045,-2.099107981
1/5/2017,5930.27192,6420.173004,8.327366741,7.819216696,72342.51769,44.71634314,240.4744125,68.170307,47.40949502,37.96724122,14.98898949,2.709135775,2.058787669,199.8740693,248.410613,-5167.882648,624.35726,6.571209868,9820.446645,73.84914287,0.008900413,0.09902898,-0.07155611,0.051055623,0.121285191,-0.334594902,3.017072661,1.850339749,2.042735288,-3.362256435
1/4/2017,6596.931094,10887.30673,4.975855729,4.123431835,44372.8158,104.1128949,226.3747195,82.92942177,78.29938519,77.28426488,26.73916288,1.987850518,1.909654385,156.7365858,26.33433574,-1982.923884,452.1893671,19.25393027,11196.1246,58.86902291,0.084722712,0.031097967,0.093139422,0.222512985,0.121613753,-0.042825934,0.165311254,0.485970249,1.50590105,-2.720047784
1/3/2017,2044.473271,7500.69373,6.035176822,8.262552324,68753.84372,214.1498909,134.2632109,59.70671674,34.73510296,39.12230343,38.85646055,3.271704516,0.926022371,154.5699875,171.4540857,-188.9360129,635.6902658,19.96642159,12746.2959,91.00593338,1.971266946,0.007955023,0.16438844,0.071722819,0.172108697,-0.223754223,1.132953695,-0.002126391,0.646799264,-0.763118101
1/2/2017,5917.623312,10642.419,6.485353432,4.580481953,14802.46123,160.67603,103.6969687,30.59797757,50.59801894,96.211087,5.856024599,2.023449112,1.404132523,229.7389525,210.8227158,-6309.977799,748.1605549,13.01530893,16031.71356,9.836089126,-0.34620558,0.432289034,-0.0359132,0.038665225,0.133158996,0.112673648,-1.32124534,0.25135754,0.521156392,1.74738845
1/1/2017,9080.283538,9725.646695,4.279103133,9.248407739,58388.59319,104.5118174,121.0502523,62.2742125,75.76537498,56.02537492,52.31533385,0.318686357,0.618695597,92.30936361,157.3212752,-2004.479873,92.66040776,12.13332072,10940.34316,117.0764328,2.074641432,0.023860784,0.220358958,0.024839092,0.071850267,0.599897878,-1.11545042,0.079436828,1.37854614,-1.003294801
1/12/2016,4801.919137,3800.689152,7.472505192,10.63944641,24802.90743,228.7643353,110.4456122,80.97268495,59.55190615,19.00031092,49.39362919,1.144892468,2.643701185,162.4625518,47.12129995,-7231.712206,297.7053062,23.85396146,17078.30439,11.55659362,1.447050301,-0.031153227,0.0795103,0.156989457,0.102340291,0.575650306,-0.3986143,-0.256505301,0.038932786,-2.381596119
1/11/2016,4389.771802,11725.55817,4.267110528,7.06723979,48835.62891,135.9360192,196.2430713,79.1136549,41.65250477,48.94692003,68.93920369,2.228415777,0.77845899,192.6507887,211.5122472,-4991.87068,527.5476128,19.34446153,8938.041141,5.482605076,0.9065494,0.265186208,0.049914484,0.307529124,0.22250051,0.106919278,0.835516888,2.246415353,1.145370287,-0.563813785
1/10/2016,11076.80349,9279.816787,5.441918473,10.00603562,10022.34586,132.0866904,231.5304463,100.0835,59.38967704,51.81557657,62.20006993,3.077860634,2.297912907,128.0200493,165.6739473,198.6335469,555.5829615,15.16426576,12865.74607,101.4522424,-0.003482185,0.347803688,-0.054366348,0.185379956,0.09753315,0.269303228,-1.908416622,-0.002766496,1.299231442,-0.109718841
1/9/2016,5274.572921,8350.50686,5.436340632,5.998932667,73294.55152,159.7849613,196.529116,108.4584479,86.61137126,70.29332023,33.1328631,0.651594042,1.463205995,206.095679,135.2312464,-1328.255505,810.6250475,21.81704857,4933.940577,107.6183802,0.481777111,0.053386612,-0.059483257,0.267677616,0.246898333,0.050245082,-3.184514545,0.44106865,1.688969791,-2.771082248
1/8/2016,922.137735,12630.02366,1.624120509,8.047892755,39873.87606,193.0395564,169.6477864,28.16693392,86.61703426,41.42324896,18.71431628,3.506174532,0.647343741,94.69167622,116.0923345,-6162.539735,668.0312306,16.15885182,11761.09377,48.27043808,-0.004926739,-0.349716869,0.043139656,0.236088033,0.02024465,0.201815398,0.423971014,1.287458915,1.310974181,1.059815976
1/7/2016,4213.82263,6971.584275,1.046074564,8.847124777,28520.76198,163.4696262,150.3027713,62.72185603,108.4808502,63.71225236,94.73755614,2.320253352,2.12670534,89.34414106,69.76764339,-1108.344893,425.33526,8.91323923,19666.96647,23.79525744,2.373334719,-0.333809361,0.256264632,-0.144171113,0.239115765,-0.190380195,0.518051564,0.75639916,0.578377029,-0.420055442
1/6/2016,1462.741429,5000.112035,5.327974895,3.603840592,12221.78902,78.30791876,143.2693374,27.00095602,14.83688581,49.1759049,76.80196951,3.459897743,0.660290491,258.0811111,141.100995,-4202.311334,613.2392053,18.42906015,13216.22464,6.542060881,0.987858292,-0.196451149,0.243360997,0.018415958,0.170407347,0.272624928,2.503893714,0.649904636,1.205470995,0.652498731
1/5/2016,928.8066983,4939.057939,3.73898943,9.199104856,48936.46534,156.5139549,80.88711356,80.51167168,64.10391384,54.04008367,67.48208421,3.460802833,0.561009565,19.16182162,69.79703841,-298.3845519,626.6011633,14.79314659,16766.95566,59.06722427,2.630846663,0.10630663,0.157554603,0.228233476,0.148087574,-0.002852805,0.947734488,0.034928314,0.519344122,-2.530413539
1/4/2016,9491.716916,5508.696754,6.324749328,3.117386947,56336.33362,142.0182262,141.7837708,50.80562982,110.7840903,25.42378552,103.2360741,3.356451293,0.942029513,57.25407918,117.022852,-3835.769575,394.1444078,18.30811603,6707.098068,86.5531532,2.116592645,0.056593548,0.196084839,0.411891627,0.217950331,0.307968979,0.319153991,0.612366045,1.032586989,-3.50303483
1/3/2016,1566.845012,6653.439956,0.623904476,10.98651242,42292.91019,71.20298268,204.5539942,18.39388465,105.575034,83.14596259,47.69639589,2.877258333,0.287099017,27.29175199,110.9884638,-2131.164667,971.6085944,21.09946642,13029.95113,23.47499707,2.447498916,0.263037407,-0.03185264,-0.085752547,-0.094757457,0.079543731,-0.457835183,1.710887295,0.372463761,0.22563613
1/2/2016,6536.769657,2171.823674,3.443010563,12.10157984,51579.29577,62.23928068,223.2163969,22.14289985,78.21430418,16.80554801,62.14578482,1.577855922,0.515494056,195.1164282,123.5718638,-3336.045105,346.7501542,8.547410277,7768.904396,2.298118584,2.132453094,0.042020939,0.071760647,0.192863225,0.096791221,-0.237919765,0.660031921,1.050832691,0.478571345,-3.766612416
1/1/2016,7029.704201,8445.011238,7.853361672,3.01183828,69638.60444,133.5371805,29.59227672,1.916997856,92.22834684,41.00058162,51.63397031,1.570188253,0.318004001,275.069612,93.52228842,-3095.715012,189.5724115,22.79712407,10967.5392,53.39396926,1.600355896,0.309666538,0.102737867,-0.098636903,-0.034780155,0.180215017,-2.09417724,1.372460676,1.507862775,-1.675662147
1/12/2015,3428.664502,7689.259653,4.966588393,10.21755589,12270.65691,118.0064758,152.1005813,55.03859061,59.16109325,60.43218663,32.67143442,2.625471499,1.020945868,107.7065425,207.8568736,-4395.222299,239.3599784,11.26643784,17984.95305,10.59182453,1.800950267,0.091946554,-0.069033652,0.152764855,0.023263193,0.118955484,2.683563796,1.989703122,0.894708399,-1.851333426
1/11/2015,1931.619976,6373.421947,5.525479524,13.27657319,27008.79975,89.98120955,18.19915227,68.74235971,65.92284349,37.84796687,59.0955278,2.495356427,0.703026721,152.751393,156.3581201,-46.38668475,747.7277166,16.8179065,9376.766279,57.42909073,2.631997648,0.02674896,0.268712973,0.230376377,0.233847626,0.517134256,-1.922264424,1.727398338,1.914165477,-1.721495508
1/10/2015,9814.690082,14009.97714,5.496751336,6.09346365,61610.82031,148.0921717,72.89689252,21.08554861,50.87488263,47.28950044,64.74424932,1.702643099,2.595225132,205.3229278,156.4498357,-2262.70344,334.8057158,17.28599337,10852.47896,117.2830187,1.054711336,0.407963259,-0.114448221,0.141409995,-0.024074717,0.390102735,0.298944092,0.200243616,0.184947078,-2.432448829
1/9/2015,4556.946848,7964.383696,1.496185342,10.69335555,42141.37119,107.0374211,98.05877761,69.20766496,67.25172693,52.47324659,85.20271705,2.410975882,1.890671042,157.1563206,116.160856,-4268.385754,905.6047163,8.182578257,10977.56863,39.67132054,1.448269571,-0.058134297,0.175054456,0.064034215,0.202861681,0.611258759,2.488759394,0.75122496,0.479628153,1.020021835
1/8/2015,8906.430309,12948.43438,7.428146137,12.229157,37180.16993,157.9624847,129.9857719,82.89524936,49.50321052,60.70227669,38.31479787,0.728140556,2.067859474,4.138640578,170.9791286,-130.7767563,515.1421463,12.46543676,13378.9107,78.73646628,0.712981533,0.337007084,0.083843498,0.125151862,0.086523291,0.508610702,-2.400806125,-0.289912238,0.183531799,-3.267286404
1/7/2015,5772.437898,10663.36657,1.801804945,8.703492735,74518.81111,137.0462765,107.406938,69.82095798,10.94525814,51.73020831,83.8554375,2.101342623,3.171235141,90.53694149,209.7130818,-3800.395123,314.7289116,14.84426399,13691.08151,56.86484301,2.041045647,0.116356865,0.354034236,-0.045646966,-0.099072496,0.134722257,-2.317463533,1.638547306,1.626913029,-1.936710679
1/6/2015,4230.446229,4171.149676,3.159078475,10.01161758,48069.21162,36.9683287,94.61851651,60.73181899,28.00388971,32.60473228,64.69328893,2.117564348,0.93049475,198.6002638,126.3650608,-7030.751614,251.8225805,11.60761669,12707.65941,45.56637409,0.244540987,-0.234757792,0.10797293,0.343640634,0.070024675,0.516893352,-0.184758435,1.663380906,1.724841344,-2.496641975
1/5/2015,1101.341352,10007.95606,2.691025001,3.548904864,42548.10108,141.1434041,8.94259629,59.55649192,83.47206357,55.50248071,46.62683477,2.498049751,1.997255858,163.8884937,198.3420886,-3868.874878,327.596112,10.98798097,17406.34955,32.25847754,1.68436651,-0.268880112,0.244887668,0.271116145,0.191829011,0.161519508,-0.171962917,0.473864385,0.478900525,-0.023004778
1/4/2015,6515.25441,7068.538808,1.478739762,14.07889034,40141.84161,203.5800168,130.0490581,60.21927693,42.24504394,57.9620078,58.90769442,3.300266972,0.562934434,133.208895,142.2122087,390.6533216,475.307154,17.25464422,9757.625605,68.18047571,0.091446522,-0.113153377,0.017167647,0.051140813,0.037741053,-0.080552635,-0.256689789,1.545809931,1.990770392,-1.756902157
1/3/2015,10389.93348,2893.372585,2.233466178,1.20572542,71793.61745,152.2995092,87.65659308,30.11813337,54.36731283,72.08683335,69.49578731,2.53793955,1.121340418,240.468472,165.4253114,-529.7462789,371.7778105,4.765213219,10882.80103,54.29965358,-0.05948349,0.490282688,-0.064282306,-0.086403546,0.185764233,0.334997199,-1.561856147,1.653360737,1.404703535,-0.2543516
1/2/2015,4275.8286,9208.139587,3.295474994,4.348128561,32219.17331,140.6543388,42.67097284,19.15549408,36.5368158,63.53175784,26.22257026,3.056055802,1.58672709,131.778271,168.0510898,-5152.449703,857.2780043,17.02085675,21214.36281,58.05278379,1.386382648,-0.030691302,-0.008488497,-0.083690067,0.255081892,0.104477672,0.482834017,0.185423448,0.775683476,-0.37664698
1/1/2015,5124.711995,12409.87757,1.157980517,9.773773864,26619.81796,23.3852336,114.0675001,119.5918917,61.22460198,66.72040939,10.30447711,0.488501207,2.986740469,190.0719492,134.819383,-3031.562753,281.0182663,13.58265735,16971.20261,9.557494653,-0.45072934,0.072517629,0.035092217,0.218966168,-0.023063238,0.219338712,-2.199274095,1.061526296,1.540376057,-2.0895236
1/12/2014,6169.098,6781.568076,2.242785293,12.59011062,65720.97141,58.81729877,203.344525,24.57986706,77.37957889,84.51738149,52.01424596,1.311678599,1.879619656,156.5790694,166.7958699,-8163.324612,655.7987446,11.94744726,6198.162871,5.9822275,1.628158,0.174114732,-0.011530323,0.129480615,0.230843829,0.165630601,2.100782618,-0.07460177,1.906556223,-2.940555582
1/11/2014,9199.815561,6074.467094,1.377826028,3.195669277,49629.75905,112.3502862,158.7259642,44.29471394,81.2989108,86.46503561,56.28928231,3.675666294,2.525882946,112.5082588,73.24412675,-8649.571554,658.9286968,7.387587203,5192.742091,101.0657104,-0.174811542,-0.173132876,-0.222113397,0.359812383,0.210795089,0.569421662,1.087826228,1.071717695,1.23409046,-2.862696745
1/10/2014,7523.146088,2398.809625,2.682029201,4.992439822,36896.01106,107.6294843,148.4632431,113.8862679,49.93337412,66.63231481,50.4481704,2.515476356,0.635089358,183.712289,18.53979165,-6753.730071,490.0368801,23.23954961,14093.33796,29.79644548,2.083152214,0.531913204,-0.015083135,0.177981614,0.021457205,-0.032817284,0.722521035,1.515311959,1.330398981,-0.513682267
1/9/2014,2643.659196,12230.90884,3.269956883,10.31351484,65907.36254,45.97065737,160.0746679,103.0848469,74.50674526,17.68167587,46.71332773,1.916338617,1.703793014,170.0646213,108.8118323,1471.524232,147.8056444,10.18610646,17283.97156,100.6459846,2.169501667,-0.039368591,0.116137634,0.058307875,0.033303211,0.527874803,-0.228463074,1.048791267,0.878977383,0.866523383
1/8/2014,9512.995027,3242.999045,4.338505222,8.2312925,69435.27119,20.99588753,60.74519078,116.7706225,84.26131082,89.60024868,42.45248989,1.558487828,1.173188667,265.1635542,120.7035907,-94.22315225,486.0101623,17.01746045,9873.153394,81.75931294,1.21622284,0.049583841,-0.204981349,-0.223339117,0.265555987,-0.482854395,-0.325679787,0.240850653,0.404184847,-3.092408778
1/7/2014,8589.743649,10717.11739,2.330982139,6.301568155,42119.81515,113.8820821,205.9745742,87.80002996,79.77773665,61.72369005,87.21948486,1.414501022,1.50686606,147.5663217,155.628638,-3850.078183,368.819737,17.67370095,3982.371258,93.74633803,0.891018565,0.268005285,-0.150551035,0.123613805,-0.040084351,0.082910815,1.667980436,1.971685497,0.12001534,-3.123476295
1/6/2014,7015.736436,12022.59994,6.978968886,8.224290166,20448.67376,139.2405368,224.1258916,92.88687692,79.75574568,90.05868428,42.06243515,2.108493543,2.348401733,189.8364933,211.5963011,-2645.511189,460.2029918,7.964565769,1667.853,19.1100739,0.707708545,0.04973369,-0.195065169,0.146952124,0.181308264,-0.061580274,-0.102777038,0.552097628,0.399173832,-3.261956463
1/5/2014,2227.993505,1839.651153,4.955163418,5.843023062,78138.49546,168.7101587,93.49781865,101.818932,24.6074757,18.02164747,65.6057368,3.546203034,2.991831635,232.5376418,76.3732398,-319.9107817,268.6040442,6.794614896,15312.4401,23.97447823,0.759647012,0.432585876,0.057484969,0.089456577,0.212243435,0.485055808,-1.055943685,0.926174931,0.629772724,-1.284291117
1/4/2014,9273.804828,4989.98203,4.641626849,7.479810078,30884.77832,101.7395357,144.8549278,50.18215341,110.7243575,79.97756737,23.12592215,2.311550048,1.820148718,122.5393008,122.0726257,-8477.810305,357.6207786,5.194976742,15644.82712,89.07220011,2.504828709,-0.07425038,0.036046161,0.438200931,0.233419131,0.373054545,1.652852177,0.645567208,-0.223558896,-2.149178326
1/3/2014,2170.066224,5787.830461,4.615195323,9.233020885,17834.03748,64.88088612,121.8022126,34.98869518,60.73544515,46.2663874,57.78477391,2.099317112,1.388722035,207.8645822,52.06335397,991.1602125,148.1093512,23.76139858,15125.95305,21.78450569,0.77784851,0.386927283,0.004193823,-0.051668973,0.112911971,0.031828464,-1.642335668,0.313571728,1.965092627,-4.067592684
1/2/2014,6791.479778,13035.18242,6.764708405,2.027524065,47189.14888,193.2319998,154.1886906,52.07629888,60.32538075,53.24266623,77.58428931,1.605474394,2.222540887,211.3577024,128.1430636,-6735.004971,548.7864054,20.03259393,8118.26023,104.8530085,1.164611128,-0.00249946,0.122931495,-0.158239578,0.176982285,-0.361695398,-1.179554146,-0.141193402,0.930687974,0.030914309
1/1/2014,7881.950568,9533.321566,5.90764931,10.22135285,22972.93159,208.8411213,160.3440219,70.3512579,50.53703302,50.90464185,49.73246436,2.865730449,0.722716274,151.1013146,70.68147882,-5441.170513,618.8331893,4.961491832,20056.46103,88.06649244,0.762701673,0.154338602,0.059322206,0.205706963,0.16330828,0.524023978,3.229285619,1.102411018,1.369559555,-3.446478419
1/12/2013,6531.11237,5055.924548,5.621518793,8.269020094,76808.74227,208.818705,247.1550686,7.642699307,55.24417487,57.00333629,7.724768812,2.070690074,1.984761274,116.740212,64.80074481,-8413.285128,241.5355146,26.27337033,5083.737462,12.40976066,2.042535961,0.592169558,-0.185278474,0.145355096,-0.058486086,0.671059258,-2.186458636,-0.120443815,0.378206336,-0.0915089
1/11/2013,3494.337981,8392.942266,4.763375228,5.413174088,91755.756,71.79044834,182.1964048,59.76327597,49.10533437,3.184810952,26.31467362,3.024698513,1.999586131,62.92592742,28.61366839,-6403.633678,573.6701999,8.773435063,13822.74188,9.511318688,1.190153938,0.260768481,-0.152573829,0.065765578,0.044080005,0.599519188,2.868310582,-0.047930697,-0.034012283,-1.302763385
1/10/2013,2715.248158,5669.893224,5.258146731,7.855812859,82043.66075,237.75443,48.33498163,70.67122596,14.78843909,36.1563583,89.90331406,1.043466116,1.188760653,275.8915012,171.5798526,-3983.257218,420.2790418,11.35798299,19179.18751,40.27350009,1.839704435,0.255270596,-0.204534993,-0.180846046,0.0570384,-0.151285352,2.018775666,0.932707124,1.432015439,-2.011543103
1/9/2013,8122.378446,6725.465535,4.563824724,4.869658556,36423.07722,137.180851,37.47006712,114.3129865,54.59131224,61.52048791,67.63884818,0.831334411,1.911121884,244.0069467,149.4013401,-7812.631994,704.0405067,7.274862973,10948.83719,109.1875419,1.405237635,0.329855897,0.217328064,0.034018943,0.160740443,0.486831872,-2.331492355,0.768368052,0.341037042,-0.652636423
1/8/2013,7130.96444,8751.16614,3.325882474,8.823262669,57519.18076,138.5720441,162.7087143,109.4877876,96.40387452,32.08116496,62.30430136,2.198217485,2.230873002,121.2554503,244.0661409,-2582.292163,432.6462875,10.77733965,17006.91308,82.89467669,1.041460137,0.236329291,0.10802511,-0.113718592,0.289286839,0.426532031,2.042034773,0.360281398,-0.268115739,1.493133468
1/7/2013,5166.103131,10117.28656,8.271538899,9.737155541,26736.2,118.8484478,60.83301672,58.28791501,32.16795701,59.99254881,15.95962772,3.473694421,1.833703563,181.7431231,89.48634787,-300.9882035,402.99473,8.065821209,8227.991896,94.83668311,2.367171803,-0.299879785,0.117879464,-0.025616317,0.065350227,0.650074414,0.745142195,0.380605033,0.340950861,-0.722771332
1/6/2013,2137.858449,3563.107855,2.258226466,2.265558566,15990.56894,60.84180507,89.32038992,84.16513784,73.32181976,10.39140806,62.11672929,0.844403105,2.540169816,228.1014094,167.8671714,-7003.506124,342.9473271,24.8508385,11352.64919,90.61403413,1.772450916,0.4786103,-0.046472083,0.211253377,0.199114874,0.13643972,1.70805313,0.98749746,0.747539027,-1.818253214
1/5/2013,6898.521636,7202.171657,5.348864673,1.60217743,43629.33619,45.97706262,165.9920827,89.15689325,51.07466724,83.04983315,58.76064777,1.514356836,0.754727945,51.33045159,177.8316858,-3157.216746,784.7541584,16.89225865,13688.4333,19.06320347,1.302990815,0.063338349,0.15809932,0.107139172,0.157235118,0.252157366,-0.036543825,-0.060089895,0.216691796,1.063138033
1/4/2013,9177.105076,3111.038746,7.309792359,1.44489366,49646.41696,186.243555,230.051419,19.62004394,27.95338225,69.52681452,85.14809296,2.515564073,2.697151993,61.5863292,40.511346,-9351.966985,391.2609448,11.80982155,14464.77173,51.38391785,1.870879311,0.203430171,0.270198364,0.123930651,0.095365046,0.089015445,-0.689153266,0.477440302,0.077581157,-0.931258967
1/3/2013,1594.617788,10535.68927,5.114804334,6.744031014,52370.4699,163.7390453,182.3874958,75.17076068,62.16215208,28.15205574,59.50757327,2.812025193,2.04122802,240.8212896,160.6841846,1621.379952,844.0381445,18.13181882,11555.77989,61.23872346,0.334464226,0.51742741,-0.061084147,-0.136113967,-0.052852244,0.642308523,-2.970211362,0.859574772,-0.418059505,-1.392838283
1/2/2013,9842.539062,12350.69514,7.129148676,11.47194726,39272.94514,154.1198794,116.6067156,72.83136671,51.10127427,91.03849764,53.26160184,1.598732438,2.753288989,200.7862118,78.97463945,-5090.357564,223.0133687,7.133648793,17069.81754,75.87864021,2.4341085,0.009192501,0.165268945,-0.083861901,-0.007488858,-0.274005426,0.906868298,0.598919807,1.384472029,-2.273056466
1/1/2013,3585.580568,6776.542538,2.839351844,4.242511181,15108.08557,139.7579871,75.42197123,48.22240296,34.63812684,51.96236668,66.13778658,2.57158174,1.327839571,262.7177367,197.6080452,-1079.405392,426.0112983,18.90449776,3148.758249,43.36264475,0.569995047,0.205663588,-0.080932513,0.033570359,0.152525639,0.357932202,1.019187193,-0.129186232,-0.023742654,-0.311506701
1/12/2012,4531.809103,4182.411382,1.295347193,4.89446913,69658.68403,76.15132051,74.42952618,44.78631929,52.92747814,63.44900057,22.34617352,3.709677976,1.56303829,4.942318759,174.2268136,-6952.495839,687.6890586,10.17438409,18015.87516,11.11820911,0.858788761,0.032939073,0.110707671,0.166474229,-0.145361768,0.29167436,3.227329557,1.179624717,-0.289461545,-1.496392104
1/11/2012,8824.112828,12324.05877,5.026839492,11.16013489,38454.74101,207.9102621,147.15185,71.31559609,87.87253154,72.2255251,84.06956968,1.118530212,1.60818237,182.8777857,60.2216022,-7583.262041,200.719212,21.8581156,10912.35607,50.49355544,0.664615665,0.296154139,0.047938575,-0.100704991,0.229085997,0.592217847,1.096477925,0.768404932,0.666720411,-0.497849299
1/10/2012,6804.085917,10301.66031,1.532670006,6.275191539,55291.7736,116.524899,96.11023742,91.30856317,79.70850637,31.99471583,61.95074253,3.204758839,1.591146279,225.3257086,196.1976179,421.8340365,217.5197804,29.06554966,5749.188675,12.83664274,0.972314158,0.452730195,-0.047856789,0.344954283,0.251923067,-0.125849063,-1.376295299,0.635871564,-0.130752279,-2.772430486
1/9/2012,6777.164001,3288.360036,7.795036499,8.750721903,32127.61621,40.02049871,146.1737196,87.33059847,68.14613565,57.80814499,58.17412194,2.54979551,1.280098843,270.4234916,58.92415066,-1795.89812,666.1104401,13.37669165,3856.116154,34.69383592,2.212356715,0.242955444,-0.107625049,0.127833556,0.067569772,0.56735679,-2.301877616,0.360774134,-0.209187103,-1.095599201
1/8/2012,1478.515955,1527.92991,6.564822615,7.17498585,36982.50597,64.47870456,129.8812027,88.88883235,61.75871891,101.569084,47.57109567,2.550275303,2.06458048,145.4362743,168.9526384,-6888.729667,390.3704757,13.4740556,18130.25279,43.55704001,1.67883447,0.030042596,0.127592259,0.344007567,-0.031429094,-0.095760784,-0.349216493,0.638616511,1.205816462,2.277389533
1/7/2012,4129.909971,9999.900217,8.102173255,6.965914432,48067.2099,191.8244459,127.7322009,61.74462185,34.33448182,12.09258609,60.89189803,2.339423712,1.429677357,14.20950003,173.5473475,-7473.831099,515.2962391,13.11714969,12888.09016,84.60692224,-0.125597291,-0.139522275,0.224852274,0.021425092,0.175497286,0.061489115,-0.971492487,-0.096812345,0.993689305,0.36074798
1/6/2012,10307.62009,9245.347761,6.015349616,7.151701246,1845.095581,138.5639586,153.3046672,8.177978322,92.29032867,55.13494455,48.18237054,2.098271644,2.136150585,129.273051,102.8454506,-731.1073598,427.7774623,11.96735941,7053.307156,27.08732263,1.673523214,0.108854556,0.041694441,-0.148999467,0.127119868,-0.075210847,-2.689336517,0.543427358,0.096467865,0.877292349
1/5/2012,4147.263342,3361.21115,1.936768581,10.46844868,25147.58419,147.5393248,216.8058654,70.81249807,33.31353412,51.07807773,57.83790192,3.379346838,1.147403337,28.24598708,115.9988261,-3565.818018,640.2465031,13.36651234,2964.663061,88.48856714,1.666960126,-0.079438745,-0.03871893,0.396738123,-0.027628466,0.204996615,-2.200331679,0.468026734,-0.01077809,-0.338618664
1/4/2012,5678.310958,2037.801389,6.181942034,6.841988121,34085.26529,206.1212389,242.1792845,52.44334743,38.45624294,33.83340526,68.92674542,2.812385664,2.515457139,130.2673288,89.56432363,-772.8635144,263.8907114,1.116366629,18302.76585,7.633921326,2.814978417,0.06097533,0.094367592,0.253862379,0.108995048,0.024524673,-1.809809168,1.070268591,-0.0255988,-0.914711909
1/3/2012,7704.522126,7664.075367,1.363219738,11.18945454,37385.77212,32.45838074,229.5499167,52.31166363,25.04448946,73.33576164,63.53484999,3.423729191,1.404163629,204.1979504,190.2835132,-1464.697404,128.0383351,12.47794095,13114.94741,61.07929131,2.053788279,0.132472105,-0.034802037,0.408031089,0.213408993,0.30271125,1.069319401,1.250633524,0.096844152,1.236442754
1/2/2012,818.7668935,8278.565265,1.663910868,6.738284995,57122.53942,183.9208721,158.5650943,68.01240994,50.43547751,74.18515532,66.51071716,1.807469115,1.004016079,290.0667358,205.7562252,-3948.925699,300.674025,8.27087116,10283.56312,46.95640109,1.691479343,-0.285632836,0.189699467,0.30562554,-0.082455563,-0.291353829,3.267322283,1.13391822,0.306092826,-3.121151948
1/1/2012,3678.536385,3900.148972,0.309165598,3.96014812,61186.89086,201.5225199,141.7015192,57.38207096,100.9036255,88.84900911,61.20055968,1.600780882,2.294395209,275.6394199,195.7743446,-2439.74318,841.4735008,6.487318685,18692.57353,34.00386227,0.481492301,0.2768808,0.165268967,0.12710223,0.049165284,0.743213651,-0.848416548,0.04604767,1.141870563,-1.188439381
1/12/2011,4533.157248,11452.68352,1.5202494,1.267214548,18966.22745,61.62576214,133.6668245,74.23132332,34.15314636,37.82235496,86.82143468,3.334189935,1.391046746,140.492772,206.370104,-4981.60216,451.1805941,19.29916066,7499.40172,95.46694076,0.677371905,-0.03127005,-0.06089481,0.138794387,0.035294979,-0.014170809,1.351211866,0.822319981,0.161887441,-1.879924304
1/11/2011,10479.78349,10074.43334,3.464958749,8.726404796,90966.95822,105.9734418,87.20451105,107.0712351,43.64565213,54.48180009,22.80790856,1.20910197,1.595787782,99.0152462,188.1024543,-3425.101652,730.9948341,9.589447221,12137.13398,18.09559878,0.190500262,-0.225300677,0.095276266,-0.142800511,-0.004432089,0.714491233,-0.479151186,0.986591628,-0.118496025,-2.238613196
1/10/2011,2233.130662,6880.120531,2.64163577,5.909923154,56250.4794,174.150936,78.67452909,35.26744709,64.52733288,63.94164989,47.24742858,1.688598612,0.374527295,131.2841926,61.57346928,-5158.330652,379.6385554,20.93247253,14634.17729,70.42471816,0.976785374,-0.058982335,0.090882702,0.199246998,-0.146491439,0.092408003,0.273454177,1.674255278,0.395384594,0.71803208
1/9/2011,8031.641164,9134.034394,5.414428608,9.822579094,40229.19549,92.81193326,170.8558389,98.26532573,55.82096415,25.07982403,59.74443174,0.513674723,2.223870966,213.9216465,196.3705663,358.1603108,484.1441804,14.53740718,17274.16526,61.05985099,-0.138439128,0.046063236,0.179818193,0.349469815,0.198830668,0.074585349,0.766601801,0.693053215,1.503949928,-1.310814213
1/8/2011,4831.815351,6178.239374,4.412652133,7.915321828,32463.20421,184.2004833,61.48673198,79.30964686,50.86203952,52.8252073,95.92233066,0.887147054,0.968165812,213.8988866,151.3872758,-1006.591251,464.3891253,8.684165749,13853.47261,37.08902724,0.683544527,0.07693437,0.094490137,0.27836124,-0.029427557,0.324321918,3.843475663,0.632979029,1.832068609,-0.572007734
1/7/2011,1654.532402,6425.400906,7.003726926,5.379691836,21874.16189,148.3816619,97.07637774,74.34245085,61.65930249,22.6293207,61.15576276,1.373907053,0.717994281,119.06949,188.8577487,-7474.259547,559.2809679,10.23300992,2643.610973,86.62843616,1.324011561,-0.09207745,0.36731546,0.184006375,-0.047039544,0.46526569,-0.63428729,1.340943888,1.689176281,1.448895543
1/6/2011,3218.411959,13639.66702,6.270829841,4.140533607,64344.17958,132.1431841,75.24720931,62.45374198,49.28983064,53.73058695,62.71959013,1.458496532,1.091820812,74.13885383,66.44331083,-6417.824807,710.1203804,11.70744588,11028.09712,23.47447291,2.444533073,-0.128144904,0.002688786,0.249740759,0.150760728,-0.134322789,2.29867051,1.711366703,-0.211008558,-1.47565128
1/5/2011,2468.973017,3065.663067,5.389770566,14.10011033,50609.97539,140.8750693,255.2056501,73.25298104,97.900947,26.10125608,65.69744035,0.320868111,3.11544786,35.00585323,138.022455,-8351.13319,80.19899511,17.17814503,5641.886146,69.4108566,2.099398941,0.053135213,0.170310529,0.082749021,0.157795305,0.37232969,-1.954233586,1.788195601,-0.316642052,-1.138589671
1/4/2011,6172.638219,10260.8426,5.401563799,4.102406909,37287.42139,126.6444814,109.091351,59.43174323,78.33829563,26.37227108,78.58588333,2.487419447,1.179293246,228.1116734,146.1260503,-829.1193973,401.6464652,5.29920002,3562.156806,30.31787544,0.9335959,0.344755808,-0.038841358,0.319601144,0.226881698,0.230573853,-2.406388393,0.15068407,1.104809647,-3.033401686
1/3/2011,4100.914464,13198.28068,5.193199015,11.63890749,57564.70908,241.7617669,32.88691146,91.79845391,76.21097448,33.68554959,53.47001568,0.735950397,2.464879791,89.7270476,38.14716268,-6450.049108,681.4078754,8.283500928,5734.004128,12.24297619,2.563769257,0.072652388,0.004775337,-0.174810869,0.282080227,0.634047239,2.432843381,-0.386739635,0.009117136,-2.837954748
1/2/2011,6421.659606,13751.8454,4.691445462,12.88823421,30018.75243,151.272066,119.2705133,37.04969817,64.22856368,71.78387625,67.72947289,3.36139869,1.665905541,215.3589029,148.834054,-4787.802273,640.5616637,9.723034949,7061.414779,33.72075487,0.814182083,-0.153639157,-0.024949064,0.166170226,0.050448639,-0.085274896,-2.181289777,0.594995013,-0.011470524,-1.268035161
1/1/2011,1225.373252,2628.903218,7.881690029,7.950217277,60111.31791,54.63048452,118.7966009,42.79219486,66.89719447,40.22549637,60.94396782,1.423634681,2.035361763,210.9927792,121.6844542,-2216.907656,124.9915731,21.77941813,5685.74875,59.33936719,1.200639569,-0.088130824,-0.056023681,-0.130350784,0.105472807,0.410242629,3.768786168,1.273338286,0.99788599,-2.725537219
1/12/2010,4938.010385,6153.574093,4.661439293,9.480213238,45762.97953,230.1498495,67.735076,111.0471461,108.1172399,76.25878607,54.46415941,1.776508759,0.460961727,115.9654978,51.84641315,-3751.729771,367.1589181,6.741533573,14978.95854,81.99628417,0.857076041,0.574109502,-0.1762412,0.373637866,0.217747211,-0.010809611,-0.371411775,0.251680098,1.561590239,-3.659795199
1/11/2010,1941.890881,11403.21215,5.875231733,0.628891965,75946.81344,101.0232463,149.351205,73.03736703,66.36091821,39.36151039,56.09562456,1.888613223,1.007604414,44.30953172,142.5402214,-4341.743329,831.8486456,20.47575539,7081.541595,6.150849753,2.674121513,-0.071291804,-0.045480444,0.305504125,0.163926682,0.216193437,1.180536965,1.487212963,-0.272729979,-0.122777411
1/10/2010,3408.434232,4121.007338,1.321982357,9.273159298,30778.03922,162.1569679,102.5806586,89.50421803,87.70910598,73.76690107,84.81775362,3.354983966,1.925394911,266.6812371,151.9499908,-5113.945756,585.4620176,15.91132127,13717.19231,70.65134855,1.057404064,0.13416386,-0.042937216,-0.093979881,-0.0295924,0.204154988,-0.439080583,2.031285357,0.532985111,-0.101402007
1/9/2010,7338.886382,3467.95374,3.24492194,6.215246231,30244.65639,64.34383833,161.4138533,66.40523184,53.7744575,3.568884953,83.41870164,3.551203656,2.277350733,240.5385189,175.9187284,-5792.851562,545.3832357,14.43612995,5944.813106,76.85065293,1.095576097,-0.057125904,-0.046367653,0.176646576,0.014493553,-0.037304678,-0.861121082,0.647439213,1.283154285,-1.92873539
1/8/2010,2044.207834,4436.684164,0.273755796,3.778811841,46527.3195,142.291039,95.39331458,61.97659156,85.15460413,63.81748035,46.76168493,2.436915065,0.145661278,84.89102542,45.77906732,-8021.215975,297.5850799,13.70969617,4083.04602,47.95625661,2.810374887,0.112420124,0.225286963,0.004917928,-0.053845205,-0.478773292,1.280077474,-0.350341177,1.692983923,0.977781786
1/7/2010,8774.690979,7978.971807,4.950561001,12.59245893,26780.43709,15.09990822,118.4101019,123.1300988,75.00929393,31.83453454,53.20622408,3.79836295,2.123951117,60.5084205,86.27407956,-824.5693467,243.7534504,10.94351243,3972.791533,4.529324654,0.395179744,-0.099766561,-0.024766419,0.064110642,0.272032405,0.312315284,3.22985377,1.492539406,0.640852045,-1.419774451
1/6/2010,4112.097277,1611.020543,1.529728478,5.482450513,36051.42745,38.16750101,155.1231681,28.85947429,40.5894043,12.34291767,33.53431572,0.516967108,1.079185197,28.97442989,195.0242254,-8289.482411,370.0672435,17.45800338,16720.90655,81.99586717,1.826800259,0.324933404,0.122409026,0.269424358,0.039522962,0.732425156,0.722242349,0.218642866,0.88740101,0.902808481
1/5/2010,1586.131467,5760.944211,1.479252096,12.32226327,85386.69511,174.7273001,149.0088996,22.46990389,78.32314572,79.50010331,54.06086126,1.765641467,1.568328613,205.9944809,75.66172183,-528.451346,629.9489455,21.18392776,4743.284785,100.5801055,2.752440895,-0.142752931,0.047555724,0.110351267,0.161301578,0.491775648,1.396099992,0.274570573,1.485030226,0.827283058
1/4/2010,1856.465248,9605.565733,1.676199916,10.10128603,76354.7499,130.5291277,249.6470369,23.06217805,65.31993783,82.06369674,62.55901343,0.707993569,1.966269253,225.5783762,73.29203314,-8870.316276,854.8216413,3.529922238,3848.868759,105.1693929,-0.070206173,-0.030167121,0.113069383,0.19236275,-0.07084977,0.140420017,-2.121387946,0.423011748,1.549279874,-3.527185821
