Date,Target_Rate,Lower_Bound,Upper_Bound
12/16/2015,0.38,0.25,0.5
12/17/2015,0.38,0.25,0.5
12/18/2015,0.38,0.25,0.5
12/19/2015,0.38,0.25,0.5
12/20/2015,0.38,0.25,0.5
12/21/2015,0.38,0.25,0.5
12/22/2015,0.38,0.25,0.5
12/23/2015,0.38,0.25,0.5
12/24/2015,0.38,0.25,0.5
12/25/2015,0.38,0.25,0.5
12/26/2015,0.38,0.25,0.5
12/27/2015,0.38,0.25,0.5
12/28/2015,0.38,0.25,0.5
12/29/2015,0.38,0.25,0.5
12/30/2015,0.38,0.25,0.5
12/31/2015,0.38,0.25,0.5
1/1/2016,0.38,0.25,0.5
1/2/2016,0.38,0.25,0.5
1/3/2016,0.38,0.25,0.5
1/4/2016,0.38,0.25,0.5
1/5/2016,0.38,0.25,0.5
1/6/2016,0.38,0.25,0.5
1/7/2016,0.38,0.25,0.5
1/8/2016,0.38,0.25,0.5
1/9/2016,0.38,0.25,0.5
1/10/2016,0.38,0.25,0.5
1/11/2016,0.38,0.25,0.5
1/12/2016,0.38,0.25,0.5
1/13/2016,0.38,0.25,0.5
1/14/2016,0.38,0.25,0.5
1/15/2016,0.38,0.25,0.5
1/16/2016,0.38,0.25,0.5
1/17/2016,0.38,0.25,0.5
1/18/2016,0.38,0.25,0.5
1/19/2016,0.38,0.25,0.5
1/20/2016,0.38,0.25,0.5
1/21/2016,0.38,0.25,0.5
1/22/2016,0.38,0.25,0.5
1/23/2016,0.38,0.25,0.5
1/24/2016,0.38,0.25,0.5
1/25/2016,0.38,0.25,0.5
1/26/2016,0.38,0.25,0.5
1/27/2016,0.38,0.25,0.5
1/28/2016,0.38,0.25,0.5
1/29/2016,0.38,0.25,0.5
1/30/2016,0.38,0.25,0.5
1/31/2016,0.38,0.25,0.5
2/1/2016,0.38,0.25,0.5
2/2/2016,0.38,0.25,0.5
2/3/2016,0.38,0.25,0.5
2/4/2016,0.38,0.25,0.5
2/5/2016,0.38,0.25,0.5
2/6/2016,0.38,0.25,0.5
2/7/2016,0.38,0.25,0.5
2/8/2016,0.38,0.25,0.5
2/9/2016,0.38,0.25,0.5
2/10/2016,0.38,0.25,0.5
2/11/2016,0.38,0.25,0.5
2/12/2016,0.38,0.25,0.5
2/13/2016,0.38,0.25,0.5
2/14/2016,0.38,0.25,0.5
2/15/2016,0.38,0.25,0.5
2/16/2016,0.38,0.25,0.5
2/17/2016,0.38,0.25,0.5
2/18/2016,0.38,0.25,0.5
2/19/2016,0.38,0.25,0.5
2/20/2016,0.38,0.25,0.5
2/21/2016,0.38,0.25,0.5
2/22/2016,0.38,0.25,0.5
2/23/2016,0.38,0.25,0.5
2/24/2016,0.38,0.25,0.5
2/25/2016,0.38,0.25,0.5
2/26/2016,0.38,0.25,0.5
2/27/2016,0.38,0.25,0.5
2/28/2016,0.38,0.25,0.5
2/29/2016,0.38,0.25,0.5
3/1/2016,0.38,0.25,0.5
3/2/2016,0.38,0.25,0.5
3/3/2016,0.38,0.25,0.5
3/4/2016,0.38,0.25,0.5
3/5/2016,0.38,0.25,0.5
3/6/2016,0.38,0.25,0.5
3/7/2016,0.38,0.25,0.5
3/8/2016,0.38,0.25,0.5
3/9/2016,0.38,0.25,0.5
3/10/2016,0.38,0.25,0.5
3/11/2016,0.38,0.25,0.5
3/12/2016,0.38,0.25,0.5
3/13/2016,0.38,0.25,0.5
3/14/2016,0.38,0.25,0.5
3/15/2016,0.38,0.25,0.5
3/16/2016,0.38,0.25,0.5
3/17/2016,0.38,0.25,0.5
3/18/2016,0.38,0.25,0.5
3/19/2016,0.38,0.25,0.5
3/20/2016,0.38,0.25,0.5
3/21/2016,0.38,0.25,0.5
3/22/2016,0.38,0.25,0.5
3/23/2016,0.38,0.25,0.5
3/24/2016,0.38,0.25,0.5
3/25/2016,0.38,0.25,0.5
3/26/2016,0.38,0.25,0.5
3/27/2016,0.38,0.25,0.5
3/28/2016,0.38,0.25,0.5
3/29/2016,0.38,0.25,0.5
3/30/2016,0.38,0.25,0.5
3/31/2016,0.38,0.25,0.5
4/1/2016,0.38,0.25,0.5
4/2/2016,0.38,0.25,0.5
4/3/2016,0.38,0.25,0.5
4/4/2016,0.38,0.25,0.5
4/5/2016,0.38,0.25,0.5
4/6/2016,0.38,0.25,0.5
4/7/2016,0.38,0.25,0.5
4/8/2016,0.38,0.25,0.5
4/9/2016,0.38,0.25,0.5
4/10/2016,0.38,0.25,0.5
4/11/2016,0.38,0.25,0.5
4/12/2016,0.38,0.25,0.5
4/13/2016,0.38,0.25,0.5
4/14/2016,0.38,0.25,0.5
4/15/2016,0.38,0.25,0.5
4/16/2016,0.38,0.25,0.5
4/17/2016,0.38,0.25,0.5
4/18/2016,0.38,0.25,0.5
4/19/2016,0.38,0.25,0.5
4/20/2016,0.38,0.25,0.5
4/21/2016,0.38,0.25,0.5
4/22/2016,0.38,0.25,0.5
4/23/2016,0.38,0.25,0.5
4/24/2016,0.38,0.25,0.5
4/25/2016,0.38,0.25,0.5
4/26/2016,0.38,0.25,0.5
4/27/2016,0.38,0.25,0.5
4/28/2016,0.38,0.25,0.5
4/29/2016,0.38,0.25,0.5
4/30/2016,0.38,0.25,0.5
5/1/2016,0.38,0.25,0.5
5/2/2016,0.38,0.25,0.5
5/3/2016,0.38,0.25,0.5
5/4/2016,0.38,0.25,0.5
5/5/2016,0.38,0.25,0.5
5/6/2016,0.38,0.25,0.5
5/7/2016,0.38,0.25,0.5
5/8/2016,0.38,0.25,0.5
5/9/2016,0.38,0.25,0.5
5/10/2016,0.38,0.25,0.5
5/11/2016,0.38,0.25,0.5
5/12/2016,0.38,0.25,0.5
5/13/2016,0.38,0.25,0.5
5/14/2016,0.38,0.25,0.5
5/15/2016,0.38,0.25,0.5
5/16/2016,0.38,0.25,0.5
5/17/2016,0.38,0.25,0.5
5/18/2016,0.38,0.25,0.5
5/19/2016,0.38,0.25,0.5
5/20/2016,0.38,0.25,0.5
5/21/2016,0.38,0.25,0.5
5/22/2016,0.38,0.25,0.5
5/23/2016,0.38,0.25,0.5
5/24/2016,0.38,0.25,0.5
5/25/2016,0.38,0.25,0.5
5/26/2016,0.38,0.25,0.5
5/27/2016,0.38,0.25,0.5
5/28/2016,0.38,0.25,0.5
5/29/2016,0.38,0.25,0.5
5/30/2016,0.38,0.25,0.5
5/31/2016,0.38,0.25,0.5
6/1/2016,0.38,0.25,0.5
6/2/2016,0.38,0.25,0.5
6/3/2016,0.38,0.25,0.5
6/4/2016,0.38,0.25,0.5
6/5/2016,0.38,0.25,0.5
6/6/2016,0.38,0.25,0.5
6/7/2016,0.38,0.25,0.5
6/8/2016,0.38,0.25,0.5
6/9/2016,0.38,0.25,0.5
6/10/2016,0.38,0.25,0.5
6/11/2016,0.38,0.25,0.5
6/12/2016,0.38,0.25,0.5
6/13/2016,0.38,0.25,0.5
6/14/2016,0.38,0.25,0.5
6/15/2016,0.38,0.25,0.5
6/16/2016,0.38,0.25,0.5
6/17/2016,0.38,0.25,0.5
6/18/2016,0.38,0.25,0.5
6/19/2016,0.38,0.25,0.5
6/20/2016,0.38,0.25,0.5
6/21/2016,0.38,0.25,0.5
6/22/2016,0.38,0.25,0.5
6/23/2016,0.38,0.25,0.5
6/24/2016,0.38,0.25,0.5
6/25/2016,0.38,0.25,0.5
6/26/2016,0.38,0.25,0.5
6/27/2016,0.38,0.25,0.5
6/28/2016,0.38,0.25,0.5
6/29/2016,0.38,0.25,0.5
6/30/2016,0.38,0.25,0.5
7/1/2016,0.38,0.25,0.5
7/2/2016,0.38,0.25,0.5
7/3/2016,0.38,0.25,0.5
7/4/2016,0.38,0.25,0.5
7/5/2016,0.38,0.25,0.5
7/6/2016,0.38,0.25,0.5
7/7/2016,0.38,0.25,0.5
7/8/2016,0.38,0.25,0.5
7/9/2016,0.38,0.25,0.5
7/10/2016,0.38,0.25,0.5
7/11/2016,0.38,0.25,0.5
7/12/2016,0.38,0.25,0.5
7/13/2016,0.38,0.25,0.5
7/14/2016,0.38,0.25,0.5
7/15/2016,0.38,0.25,0.5
7/16/2016,0.38,0.25,0.5
7/17/2016,0.38,0.25,0.5
7/18/2016,0.38,0.25,0.5
7/19/2016,0.38,0.25,0.5
7/20/2016,0.38,0.25,0.5
7/21/2016,0.38,0.25,0.5
7/22/2016,0.38,0.25,0.5
7/23/2016,0.38,0.25,0.5
7/24/2016,0.38,0.25,0.5
7/25/2016,0.38,0.25,0.5
7/26/2016,0.38,0.25,0.5
7/27/2016,0.38,0.25,0.5
7/28/2016,0.38,0.25,0.5
7/29/2016,0.38,0.25,0.5
7/30/2016,0.38,0.25,0.5
7/31/2016,0.38,0.25,0.5
8/1/2016,0.38,0.25,0.5
8/2/2016,0.38,0.25,0.5
8/3/2016,0.38,0.25,0.5
8/4/2016,0.38,0.25,0.5
8/5/2016,0.38,0.25,0.5
8/6/2016,0.38,0.25,0.5
8/7/2016,0.38,0.25,0.5
8/8/2016,0.38,0.25,0.5
8/9/2016,0.38,0.25,0.5
8/10/2016,0.38,0.25,0.5
8/11/2016,0.38,0.25,0.5
8/12/2016,0.38,0.25,0.5
8/13/2016,0.38,0.25,0.5
8/14/2016,0.38,0.25,0.5
8/15/2016,0.38,0.25,0.5
8/16/2016,0.38,0.25,0.5
8/17/2016,0.38,0.25,0.5
8/18/2016,0.38,0.25,0.5
8/19/2016,0.38,0.25,0.5
8/20/2016,0.38,0.25,0.5
8/21/2016,0.38,0.25,0.5
8/22/2016,0.38,0.25,0.5
8/23/2016,0.38,0.25,0.5
8/24/2016,0.38,0.25,0.5
8/25/2016,0.38,0.25,0.5
8/26/2016,0.38,0.25,0.5
8/27/2016,0.38,0.25,0.5
8/28/2016,0.38,0.25,0.5
8/29/2016,0.38,0.25,0.5
8/30/2016,0.38,0.25,0.5
8/31/2016,0.38,0.25,0.5
9/1/2016,0.38,0.25,0.5
9/2/2016,0.38,0.25,0.5
9/3/2016,0.38,0.25,0.5
9/4/2016,0.38,0.25,0.5
9/5/2016,0.38,0.25,0.5
9/6/2016,0.38,0.25,0.5
9/7/2016,0.38,0.25,0.5
9/8/2016,0.38,0.25,0.5
9/9/2016,0.38,0.25,0.5
9/10/2016,0.38,0.25,0.5
9/11/2016,0.38,0.25,0.5
9/12/2016,0.38,0.25,0.5
9/13/2016,0.38,0.25,0.5
9/14/2016,0.38,0.25,0.5
9/15/2016,0.38,0.25,0.5
9/16/2016,0.38,0.25,0.5
9/17/2016,0.38,0.25,0.5
9/18/2016,0.38,0.25,0.5
9/19/2016,0.38,0.25,0.5
9/20/2016,0.38,0.25,0.5
9/21/2016,0.38,0.25,0.5
9/22/2016,0.38,0.25,0.5
9/23/2016,0.38,0.25,0.5
9/24/2016,0.38,0.25,0.5
9/25/2016,0.38,0.25,0.5
9/26/2016,0.38,0.25,0.5
9/27/2016,0.38,0.25,0.5
9/28/2016,0.38,0.25,0.5
9/29/2016,0.38,0.25,0.5
9/30/2016,0.38,0.25,0.5
10/1/2016,0.38,0.25,0.5
10/2/2016,0.38,0.25,0.5
10/3/2016,0.38,0.25,0.5
10/4/2016,0.38,0.25,0.5
10/5/2016,0.38,0.25,0.5
10/6/2016,0.38,0.25,0.5
10/7/2016,0.38,0.25,0.5
10/8/2016,0.38,0.25,0.5
10/9/2016,0.38,0.25,0.5
10/10/2016,0.38,0.25,0.5
10/11/2016,0.38,0.25,0.5
10/12/2016,0.38,0.25,0.5
10/13/2016,0.38,0.25,0.5
10/14/2016,0.38,0.25,0.5
10/15/2016,0.38,0.25,0.5
10/16/2016,0.38,0.25,0.5
10/17/2016,0.38,0.25,0.5
10/18/2016,0.38,0.25,0.5
10/19/2016,0.38,0.25,0.5
10/20/2016,0.38,0.25,0.5
10/21/2016,0.38,0.25,0.5
10/22/2016,0.38,0.25,0.5
10/23/2016,0.38,0.25,0.5
10/24/2016,0.38,0.25,0.5
10/25/2016,0.38,0.25,0.5
10/26/2016,0.38,0.25,0.5
10/27/2016,0.38,0.25,0.5
10/28/2016,0.38,0.25,0.5
10/29/2016,0.38,0.25,0.5
10/30/2016,0.38,0.25,0.5
10/31/2016,0.38,0.25,0.5
11/1/2016,0.38,0.25,0.5
11/2/2016,0.38,0.25,0.5
11/3/2016,0.38,0.25,0.5
11/4/2016,0.38,0.25,0.5
11/5/2016,0.38,0.25,0.5
11/6/2016,0.38,0.25,0.5
11/7/2016,0.38,0.25,0.5
11/8/2016,0.38,0.25,0.5
11/9/2016,0.38,0.25,0.5
11/10/2016,0.38,0.25,0.5
11/11/2016,0.38,0.25,0.5
11/12/2016,0.38,0.25,0.5
11/13/2016,0.38,0.25,0.5
11/14/2016,0.38,0.25,0.5
11/15/2016,0.38,0.25,0.5
11/16/2016,0.38,0.25,0.5
11/17/2016,0.38,0.25,0.5
11/18/2016,0.38,0.25,0.5
11/19/2016,0.38,0.25,0.5
11/20/2016,0.38,0.25,0.5
11/21/2016,0.38,0.25,0.5
11/22/2016,0.38,0.25,0.5
11/23/2016,0.38,0.25,0.5
11/24/2016,0.38,0.25,0.5
11/25/2016,0.38,0.25,0.5
11/26/2016,0.38,0.25,0.5
11/27/2016,0.38,0.25,0.5
11/28/2016,0.38,0.25,0.5
11/29/2016,0.38,0.25,0.5
11/30/2016,0.38,0.25,0.5
12/1/2016,0.38,0.25,0.5
12/2/2016,0.38,0.25,0.5
12/3/2016,0.38,0.25,0.5
12/4/2016,0.38,0.25,0.5
12/5/2016,0.38,0.25,0.5
12/6/2016,0.38,0.25,0.5
12/7/2016,0.38,0.25,0.5
12/8/2016,0.38,0.25,0.5
12/9/2016,0.38,0.25,0.5
12/10/2016,0.38,0.25,0.5
12/11/2016,0.38,0.25,0.5
12/12/2016,0.38,0.25,0.5
12/13/2016,0.38,0.25,0.5
12/14/2016,0.63,0.5,0.75
12/15/2016,0.63,0.5,0.75
12/16/2016,0.63,0.5,0.75
12/17/2016,0.63,0.5,0.75
12/18/2016,0.63,0.5,0.75
12/19/2016,0.63,0.5,0.75
12/20/2016,0.63,0.5,0.75
12/21/2016,0.63,0.5,0.75
12/22/2016,0.63,0.5,0.75
12/23/2016,0.63,0.5,0.75
12/24/2016,0.63,0.5,0.75
12/25/2016,0.63,0.5,0.75
12/26/2016,0.63,0.5,0.75
12/27/2016,0.63,0.5,0.75
12/28/2016,0.63,0.5,0.75
12/29/2016,0.63,0.5,0.75
12/30/2016,0.63,0.5,0.75
12/31/2016,0.63,0.5,0.75
1/1/2017,0.63,0.5,0.75
1/2/2017,0.63,0.5,0.75
1/3/2017,0.63,0.5,0.75
1/4/2017,0.63,0.5,0.75
1/5/2017,0.63,0.5,0.75
1/6/2017,0.63,0.5,0.75
1/7/2017,0.63,0.5,0.75
1/8/2017,0.63,0.5,0.75
1/9/2017,0.63,0.5,0.75
1/10/2017,0.63,0.5,0.75
1/11/2017,0.63,0.5,0.75
1/12/2017,0.63,0.5,0.75
1/13/2017,0.63,0.5,0.75
1/14/2017,0.63,0.5,0.75
1/15/2017,0.63,0.5,0.75
1/16/2017,0.63,0.5,0.75
1/17/2017,0.63,0.5,0.75
1/18/2017,0.63,0.5,0.75
1/19/2017,0.63,0.5,0.75
1/20/2017,0.63,0.5,0.75
1/21/2017,0.63,0.5,0.75
1/22/2017,0.63,0.5,0.75
1/23/2017,0.63,0.5,0.75
1/24/2017,0.63,0.5,0.75
1/25/2017,0.63,0.5,0.75
1/26/2017,0.63,0.5,0.75
1/27/2017,0.63,0.5,0.75
1/28/2017,0.63,0.5,0.75
1/29/2017,0.63,0.5,0.75
1/30/2017,0.63,0.5,0.75
1/31/2017,0.63,0.5,0.75
2/1/2017,0.63,0.5,0.75
2/2/2017,0.63,0.5,0.75
2/3/2017,0.63,0.5,0.75
2/4/2017,0.63,0.5,0.75
2/5/2017,0.63,0.5,0.75
2/6/2017,0.63,0.5,0.75
2/7/2017,0.63,0.5,0.75
2/8/2017,0.63,0.5,0.75
2/9/2017,0.63,0.5,0.75
2/10/2017,0.63,0.5,0.75
2/11/2017,0.63,0.5,0.75
2/12/2017,0.63,0.5,0.75
2/13/2017,0.63,0.5,0.75
2/14/2017,0.63,0.5,0.75
2/15/2017,0.63,0.5,0.75
2/16/2017,0.63,0.5,0.75
2/17/2017,0.63,0.5,0.75
2/18/2017,0.63,0.5,0.75
2/19/2017,0.63,0.5,0.75
2/20/2017,0.63,0.5,0.75
2/21/2017,0.63,0.5,0.75
2/22/2017,0.63,0.5,0.75
2/23/2017,0.63,0.5,0.75
2/24/2017,0.63,0.5,0.75
2/25/2017,0.63,0.5,0.75
2/26/2017,0.63,0.5,0.75
2/27/2017,0.63,0.5,0.75
2/28/2017,0.63,0.5,0.75
3/1/2017,0.63,0.5,0.75
3/2/2017,0.63,0.5,0.75
3/3/2017,0.63,0.5,0.75
3/4/2017,0.63,0.5,0.75
3/5/2017,0.63,0.5,0.75
3/6/2017,0.63,0.5,0.75
3/7/2017,0.63,0.5,0.75
3/8/2017,0.63,0.5,0.75
3/9/2017,0.63,0.5,0.75
3/10/2017,0.63,0.5,0.75
3/11/2017,0.63,0.5,0.75
3/12/2017,0.63,0.5,0.75
3/13/2017,0.63,0.5,0.75
3/14/2017,0.63,0.5,0.75
3/15/2017,0.63,0.5,0.75
3/16/2017,0.88,0.75,1
3/17/2017,0.88,0.75,1
3/18/2017,0.88,0.75,1
3/19/2017,0.88,0.75,1
3/20/2017,0.88,0.75,1
3/21/2017,0.88,0.75,1
3/22/2017,0.88,0.75,1
3/23/2017,0.88,0.75,1
3/24/2017,0.88,0.75,1
3/25/2017,0.88,0.75,1
3/26/2017,0.88,0.75,1
3/27/2017,0.88,0.75,1
3/28/2017,0.88,0.75,1
3/29/2017,0.88,0.75,1
3/30/2017,0.88,0.75,1
3/31/2017,0.88,0.75,1
4/1/2017,0.88,0.75,1
4/2/2017,0.88,0.75,1
4/3/2017,0.88,0.75,1
4/4/2017,0.88,0.75,1
4/5/2017,0.88,0.75,1
4/6/2017,0.88,0.75,1
4/7/2017,0.88,0.75,1
4/8/2017,0.88,0.75,1
4/9/2017,0.88,0.75,1
4/10/2017,0.88,0.75,1
4/11/2017,0.88,0.75,1
4/12/2017,0.88,0.75,1
4/13/2017,0.88,0.75,1
4/14/2017,0.88,0.75,1
4/15/2017,0.88,0.75,1
4/16/2017,0.88,0.75,1
4/17/2017,0.88,0.75,1
4/18/2017,0.88,0.75,1
4/19/2017,0.88,0.75,1
4/20/2017,0.88,0.75,1
4/21/2017,0.88,0.75,1
4/22/2017,0.88,0.75,1
4/23/2017,0.88,0.75,1
4/24/2017,0.88,0.75,1
4/25/2017,0.88,0.75,1
4/26/2017,0.88,0.75,1
4/27/2017,0.88,0.75,1
4/28/2017,0.88,0.75,1
4/29/2017,0.88,0.75,1
4/30/2017,0.88,0.75,1
5/1/2017,0.88,0.75,1
5/2/2017,0.88,0.75,1
5/3/2017,0.88,0.75,1
5/4/2017,0.88,0.75,1
5/5/2017,0.88,0.75,1
5/6/2017,0.88,0.75,1
5/7/2017,0.88,0.75,1
5/8/2017,0.88,0.75,1
5/9/2017,0.88,0.75,1
5/10/2017,0.88,0.75,1
5/11/2017,0.88,0.75,1
5/12/2017,0.88,0.75,1
5/13/2017,0.88,0.75,1
5/14/2017,0.88,0.75,1
5/15/2017,0.88,0.75,1
5/16/2017,0.88,0.75,1
5/17/2017,0.88,0.75,1
5/18/2017,0.88,0.75,1
5/19/2017,0.88,0.75,1
5/20/2017,0.88,0.75,1
5/21/2017,0.88,0.75,1
5/22/2017,0.88,0.75,1
5/23/2017,0.88,0.75,1
5/24/2017,0.88,0.75,1
5/25/2017,0.88,0.75,1
5/26/2017,0.88,0.75,1
5/27/2017,0.88,0.75,1
5/28/2017,0.88,0.75,1
5/29/2017,0.88,0.75,1
5/30/2017,0.88,0.75,1
5/31/2017,0.88,0.75,1
6/1/2017,0.88,0.75,1
6/2/2017,0.88,0.75,1
6/3/2017,0.88,0.75,1
6/4/2017,0.88,0.75,1
6/5/2017,0.88,0.75,1
6/6/2017,0.88,0.75,1
6/7/2017,0.88,0.75,1
6/8/2017,0.88,0.75,1
6/9/2017,0.88,0.75,1
6/10/2017,0.88,0.75,1
6/11/2017,0.88,0.75,1
6/12/2017,0.88,0.75,1
6/13/2017,0.88,0.75,1
6/14/2017,0.88,0.75,1
6/15/2017,1.13,1,1.25
6/16/2017,1.13,1,1.25
6/17/2017,1.13,1,1.25
6/18/2017,1.13,1,1.25
6/19/2017,1.13,1,1.25
6/20/2017,1.13,1,1.25
6/21/2017,1.13,1,1.25
6/22/2017,1.13,1,1.25
6/23/2017,1.13,1,1.25
6/24/2017,1.13,1,1.25
6/25/2017,1.13,1,1.25
6/26/2017,1.13,1,1.25
6/27/2017,1.13,1,1.25
6/28/2017,1.13,1,1.25
6/29/2017,1.13,1,1.25
6/30/2017,1.13,1,1.25
7/1/2017,1.13,1,1.25
7/2/2017,1.13,1,1.25
7/3/2017,1.13,1,1.25
7/4/2017,1.13,1,1.25
7/5/2017,1.13,1,1.25
7/6/2017,1.13,1,1.25
7/7/2017,1.13,1,1.25
7/8/2017,1.13,1,1.25
7/9/2017,1.13,1,1.25
7/10/2017,1.13,1,1.25
7/11/2017,1.13,1,1.25
7/12/2017,1.13,1,1.25
7/13/2017,1.13,1,1.25
7/14/2017,1.13,1,1.25
7/15/2017,1.13,1,1.25
7/16/2017,1.13,1,1.25
7/17/2017,1.13,1,1.25
7/18/2017,1.13,1,1.25
7/19/2017,1.13,1,1.25
7/20/2017,1.13,1,1.25
7/21/2017,1.13,1,1.25
7/22/2017,1.13,1,1.25
7/23/2017,1.13,1,1.25
7/24/2017,1.13,1,1.25
7/25/2017,1.13,1,1.25
7/26/2017,1.13,1,1.25
7/27/2017,1.13,1,1.25
7/28/2017,1.13,1,1.25
7/29/2017,1.13,1,1.25
7/30/2017,1.13,1,1.25
7/31/2017,1.13,1,1.25
8/1/2017,1.13,1,1.25
8/2/2017,1.13,1,1.25
8/3/2017,1.13,1,1.25
8/4/2017,1.13,1,1.25
8/5/2017,1.13,1,1.25
8/6/2017,1.13,1,1.25
8/7/2017,1.13,1,1.25
8/8/2017,1.13,1,1.25
8/9/2017,1.13,1,1.25
8/10/2017,1.13,1,1.25
8/11/2017,1.13,1,1.25
8/12/2017,1.13,1,1.25
8/13/2017,1.13,1,1.25
8/14/2017,1.13,1,1.25
8/15/2017,1.13,1,1.25
8/16/2017,1.13,1,1.25
8/17/2017,1.13,1,1.25
8/18/2017,1.13,1,1.25
8/19/2017,1.13,1,1.25
8/20/2017,1.13,1,1.25
8/21/2017,1.13,1,1.25
8/22/2017,1.13,1,1.25
8/23/2017,1.13,1,1.25
8/24/2017,1.13,1,1.25
8/25/2017,1.13,1,1.25
8/26/2017,1.13,1,1.25
8/27/2017,1.13,1,1.25
8/28/2017,1.13,1,1.25
8/29/2017,1.13,1,1.25
8/30/2017,1.13,1,1.25
8/31/2017,1.13,1,1.25
9/1/2017,1.13,1,1.25
9/2/2017,1.13,1,1.25
9/3/2017,1.13,1,1.25
9/4/2017,1.13,1,1.25
9/5/2017,1.13,1,1.25
9/6/2017,1.13,1,1.25
9/7/2017,1.13,1,1.25
9/8/2017,1.13,1,1.25
9/9/2017,1.13,1,1.25
9/10/2017,1.13,1,1.25
9/11/2017,1.13,1,1.25
9/12/2017,1.13,1,1.25
9/13/2017,1.13,1,1.25
9/14/2017,1.13,1,1.25
9/15/2017,1.13,1,1.25
9/16/2017,1.13,1,1.25
9/17/2017,1.13,1,1.25
9/18/2017,1.13,1,1.25
9/19/2017,1.13,1,1.25
9/20/2017,1.13,1,1.25
9/21/2017,1.13,1,1.25
9/22/2017,1.13,1,1.25
9/23/2017,1.13,1,1.25
9/24/2017,1.13,1,1.25
9/25/2017,1.13,1,1.25
9/26/2017,1.13,1,1.25
9/27/2017,1.13,1,1.25
9/28/2017,1.13,1,1.25
9/29/2017,1.13,1,1.25
9/30/2017,1.13,1,1.25
10/1/2017,1.13,1,1.25
10/2/2017,1.13,1,1.25
10/3/2017,1.13,1,1.25
10/4/2017,1.13,1,1.25
10/5/2017,1.13,1,1.25
10/6/2017,1.13,1,1.25
10/7/2017,1.13,1,1.25
10/8/2017,1.13,1,1.25
10/9/2017,1.13,1,1.25
10/10/2017,1.13,1,1.25
10/11/2017,1.13,1,1.25
10/12/2017,1.13,1,1.25
10/13/2017,1.13,1,1.25
10/14/2017,1.13,1,1.25
10/15/2017,1.13,1,1.25
10/16/2017,1.13,1,1.25
10/17/2017,1.13,1,1.25
10/18/2017,1.13,1,1.25
10/19/2017,1.13,1,1.25
10/20/2017,1.13,1,1.25
10/21/2017,1.13,1,1.25
10/22/2017,1.13,1,1.25
10/23/2017,1.13,1,1.25
10/24/2017,1.13,1,1.25
10/25/2017,1.13,1,1.25
10/26/2017,1.13,1,1.25
10/27/2017,1.13,1,1.25
10/28/2017,1.13,1,1.25
10/29/2017,1.13,1,1.25
10/30/2017,1.13,1,1.25
10/31/2017,1.13,1,1.25
11/1/2017,1.13,1,1.25
11/2/2017,1.13,1,1.25
11/3/2017,1.13,1,1.25
11/4/2017,1.13,1,1.25
11/5/2017,1.13,1,1.25
11/6/2017,1.13,1,1.25
11/7/2017,1.13,1,1.25
11/8/2017,1.13,1,1.25
11/9/2017,1.13,1,1.25
11/10/2017,1.13,1,1.25
11/11/2017,1.13,1,1.25
11/12/2017,1.13,1,1.25
11/13/2017,1.13,1,1.25
11/14/2017,1.13,1,1.25
11/15/2017,1.13,1,1.25
11/16/2017,1.13,1,1.25
11/17/2017,1.13,1,1.25
11/18/2017,1.13,1,1.25
11/19/2017,1.13,1,1.25
11/20/2017,1.13,1,1.25
11/21/2017,1.13,1,1.25
11/22/2017,1.13,1,1.25
11/23/2017,1.13,1,1.25
11/24/2017,1.13,1,1.25
11/25/2017,1.13,1,1.25
11/26/2017,1.13,1,1.25
11/27/2017,1.13,1,1.25
11/28/2017,1.13,1,1.25
11/29/2017,1.13,1,1.25
11/30/2017,1.13,1,1.25
12/1/2017,1.13,1,1.25
12/2/2017,1.13,1,1.25
12/3/2017,1.13,1,1.25
12/4/2017,1.13,1,1.25
12/5/2017,1.13,1,1.25
12/6/2017,1.13,1,1.25
12/7/2017,1.13,1,1.25
12/8/2017,1.13,1,1.25
12/9/2017,1.13,1,1.25
12/10/2017,1.13,1,1.25
12/11/2017,1.13,1,1.25
12/12/2017,1.13,1,1.25
12/13/2017,1.13,1,1.25
12/14/2017,1.38,1.25,1.5
12/15/2017,1.38,1.25,1.5
12/16/2017,1.38,1.25,1.5
12/17/2017,1.38,1.25,1.5
12/18/2017,1.38,1.25,1.5
12/19/2017,1.38,1.25,1.5
12/20/2017,1.38,1.25,1.5
12/21/2017,1.38,1.25,1.5
12/22/2017,1.38,1.25,1.5
12/23/2017,1.38,1.25,1.5
12/24/2017,1.38,1.25,1.5
12/25/2017,1.38,1.25,1.5
12/26/2017,1.38,1.25,1.5
12/27/2017,1.38,1.25,1.5
12/28/2017,1.38,1.25,1.5
12/29/2017,1.38,1.25,1.5
12/30/2017,1.38,1.25,1.5
12/31/2017,1.38,1.25,1.5
1/1/2018,1.38,1.25,1.5
1/2/2018,1.38,1.25,1.5
1/3/2018,1.38,1.25,1.5
1/4/2018,1.38,1.25,1.5
1/5/2018,1.38,1.25,1.5
1/6/2018,1.38,1.25,1.5
1/7/2018,1.38,1.25,1.5
1/8/2018,1.38,1.25,1.5
1/9/2018,1.38,1.25,1.5
1/10/2018,1.38,1.25,1.5
1/11/2018,1.38,1.25,1.5
1/12/2018,1.38,1.25,1.5
1/13/2018,1.38,1.25,1.5
1/14/2018,1.38,1.25,1.5
1/15/2018,1.38,1.25,1.5
1/16/2018,1.38,1.25,1.5
1/17/2018,1.38,1.25,1.5
1/18/2018,1.38,1.25,1.5
1/19/2018,1.38,1.25,1.5
1/20/2018,1.38,1.25,1.5
1/21/2018,1.38,1.25,1.5
1/22/2018,1.38,1.25,1.5
1/23/2018,1.38,1.25,1.5
1/24/2018,1.38,1.25,1.5
1/25/2018,1.38,1.25,1.5
1/26/2018,1.38,1.25,1.5
1/27/2018,1.38,1.25,1.5
1/28/2018,1.38,1.25,1.5
1/29/2018,1.38,1.25,1.5
1/30/2018,1.38,1.25,1.5
1/31/2018,1.38,1.25,1.5
2/1/2018,1.38,1.25,1.5
2/2/2018,1.38,1.25,1.5
2/3/2018,1.38,1.25,1.5
2/4/2018,1.38,1.25,1.5
2/5/2018,1.38,1.25,1.5
2/6/2018,1.38,1.25,1.5
2/7/2018,1.38,1.25,1.5
2/8/2018,1.38,1.25,1.5
2/9/2018,1.38,1.25,1.5
2/10/2018,1.38,1.25,1.5
2/11/2018,1.38,1.25,1.5
2/12/2018,1.38,1.25,1.5
2/13/2018,1.38,1.25,1.5
2/14/2018,1.38,1.25,1.5
2/15/2018,1.38,1.25,1.5
2/16/2018,1.38,1.25,1.5
2/17/2018,1.38,1.25,1.5
2/18/2018,1.38,1.25,1.5
2/19/2018,1.38,1.25,1.5
2/20/2018,1.38,1.25,1.5
2/21/2018,1.38,1.25,1.5
2/22/2018,1.38,1.25,1.5
2/23/2018,1.38,1.25,1.5
2/24/2018,1.38,1.25,1.5
2/25/2018,1.38,1.25,1.5
2/26/2018,1.38,1.25,1.5
2/27/2018,1.38,1.25,1.5
2/28/2018,1.38,1.25,1.5
3/1/2018,1.38,1.25,1.5
3/2/2018,1.38,1.25,1.5
3/3/2018,1.38,1.25,1.5
3/4/2018,1.38,1.25,1.5
3/5/2018,1.38,1.25,1.5
3/6/2018,1.38,1.25,1.5
3/7/2018,1.38,1.25,1.5
3/8/2018,1.38,1.25,1.5
3/9/2018,1.38,1.25,1.5
3/10/2018,1.38,1.25,1.5
3/11/2018,1.38,1.25,1.5
3/12/2018,1.38,1.25,1.5
3/13/2018,1.38,1.25,1.5
3/14/2018,1.38,1.25,1.5
3/15/2018,1.38,1.25,1.5
3/16/2018,1.38,1.25,1.5
3/17/2018,1.38,1.25,1.5
3/18/2018,1.38,1.25,1.5
3/19/2018,1.38,1.25,1.5
3/20/2018,1.38,1.25,1.5
3/21/2018,1.38,1.25,1.5
3/22/2018,1.63,1.5,1.75
3/23/2018,1.63,1.5,1.75
3/24/2018,1.63,1.5,1.75
3/25/2018,1.63,1.5,1.75
3/26/2018,1.63,1.5,1.75
3/27/2018,1.63,1.5,1.75
3/28/2018,1.63,1.5,1.75
3/29/2018,1.63,1.5,1.75
3/30/2018,1.63,1.5,1.75
3/31/2018,1.63,1.5,1.75
4/1/2018,1.63,1.5,1.75
4/2/2018,1.63,1.5,1.75
4/3/2018,1.63,1.5,1.75
4/4/2018,1.63,1.5,1.75
4/5/2018,1.63,1.5,1.75
4/6/2018,1.63,1.5,1.75
4/7/2018,1.63,1.5,1.75
4/8/2018,1.63,1.5,1.75
4/9/2018,1.63,1.5,1.75
4/10/2018,1.63,1.5,1.75
4/11/2018,1.63,1.5,1.75
4/12/2018,1.63,1.5,1.75
4/13/2018,1.63,1.5,1.75
4/14/2018,1.63,1.5,1.75
4/15/2018,1.63,1.5,1.75
4/16/2018,1.63,1.5,1.75
4/17/2018,1.63,1.5,1.75
4/18/2018,1.63,1.5,1.75
4/19/2018,1.63,1.5,1.75
4/20/2018,1.63,1.5,1.75
4/21/2018,1.63,1.5,1.75
4/22/2018,1.63,1.5,1.75
4/23/2018,1.63,1.5,1.75
4/24/2018,1.63,1.5,1.75
4/25/2018,1.63,1.5,1.75
4/26/2018,1.63,1.5,1.75
4/27/2018,1.63,1.5,1.75
4/28/2018,1.63,1.5,1.75
4/29/2018,1.63,1.5,1.75
4/30/2018,1.63,1.5,1.75
5/1/2018,1.63,1.5,1.75
5/2/2018,1.63,1.5,1.75
5/3/2018,1.63,1.5,1.75
5/4/2018,1.63,1.5,1.75
5/5/2018,1.63,1.5,1.75
5/6/2018,1.63,1.5,1.75
5/7/2018,1.63,1.5,1.75
5/8/2018,1.63,1.5,1.75
5/9/2018,1.63,1.5,1.75
5/10/2018,1.63,1.5,1.75
5/11/2018,1.63,1.5,1.75
5/12/2018,1.63,1.5,1.75
5/13/2018,1.63,1.5,1.75
5/14/2018,1.63,1.5,1.75
5/15/2018,1.63,1.5,1.75
5/16/2018,1.63,1.5,1.75
5/17/2018,1.63,1.5,1.75
5/18/2018,1.63,1.5,1.75
5/19/2018,1.63,1.5,1.75
5/20/2018,1.63,1.5,1.75
5/21/2018,1.63,1.5,1.75
5/22/2018,1.63,1.5,1.75
5/23/2018,1.63,1.5,1.75
5/24/2018,1.63,1.5,1.75
5/25/2018,1.63,1.5,1.75
5/26/2018,1.63,1.5,1.75
5/27/2018,1.63,1.5,1.75
5/28/2018,1.63,1.5,1.75
5/29/2018,1.63,1.5,1.75
5/30/2018,1.63,1.5,1.75
5/31/2018,1.63,1.5,1.75
6/1/2018,1.63,1.5,1.75
6/2/2018,1.63,1.5,1.75
6/3/2018,1.63,1.5,1.75
6/4/2018,1.63,1.5,1.75
6/5/2018,1.63,1.5,1.75
6/6/2018,1.63,1.5,1.75
6/7/2018,1.63,1.5,1.75
6/8/2018,1.63,1.5,1.75
6/9/2018,1.63,1.5,1.75
6/10/2018,1.63,1.5,1.75
6/11/2018,1.63,1.5,1.75
6/12/2018,1.63,1.5,1.75
6/13/2018,1.63,1.5,1.75
6/14/2018,1.88,1.75,2
6/15/2018,1.88,1.75,2
6/16/2018,1.88,1.75,2
6/17/2018,1.88,1.75,2
6/18/2018,1.88,1.75,2
6/19/2018,1.88,1.75,2
6/20/2018,1.88,1.75,2
6/21/2018,1.88,1.75,2
6/22/2018,1.88,1.75,2
6/23/2018,1.88,1.75,2
6/24/2018,1.88,1.75,2
6/25/2018,1.88,1.75,2
6/26/2018,1.88,1.75,2
6/27/2018,1.88,1.75,2
6/28/2018,1.88,1.75,2
6/29/2018,1.88,1.75,2
6/30/2018,1.88,1.75,2
7/1/2018,1.88,1.75,2
7/2/2018,1.88,1.75,2
7/3/2018,1.88,1.75,2
7/4/2018,1.88,1.75,2
7/5/2018,1.88,1.75,2
7/6/2018,1.88,1.75,2
7/7/2018,1.88,1.75,2
7/8/2018,1.88,1.75,2
7/9/2018,1.88,1.75,2
7/10/2018,1.88,1.75,2
7/11/2018,1.88,1.75,2
7/12/2018,1.88,1.75,2
7/13/2018,1.88,1.75,2
7/14/2018,1.88,1.75,2
7/15/2018,1.88,1.75,2
7/16/2018,1.88,1.75,2
7/17/2018,1.88,1.75,2
7/18/2018,1.88,1.75,2
7/19/2018,1.88,1.75,2
7/20/2018,1.88,1.75,2
7/21/2018,1.88,1.75,2
7/22/2018,1.88,1.75,2
7/23/2018,1.88,1.75,2
7/24/2018,1.88,1.75,2
7/25/2018,1.88,1.75,2
7/26/2018,1.88,1.75,2
7/27/2018,1.88,1.75,2
7/28/2018,1.88,1.75,2
7/29/2018,1.88,1.75,2
7/30/2018,1.88,1.75,2
7/31/2018,1.88,1.75,2
8/1/2018,1.88,1.75,2
8/2/2018,1.88,1.75,2
8/3/2018,1.88,1.75,2
8/4/2018,1.88,1.75,2
8/5/2018,1.88,1.75,2
8/6/2018,1.88,1.75,2
8/7/2018,1.88,1.75,2
8/8/2018,1.88,1.75,2
8/9/2018,1.88,1.75,2
8/10/2018,1.88,1.75,2
8/11/2018,1.88,1.75,2
8/12/2018,1.88,1.75,2
8/13/2018,1.88,1.75,2
8/14/2018,1.88,1.75,2
8/15/2018,1.88,1.75,2
8/16/2018,1.88,1.75,2
8/17/2018,1.88,1.75,2
8/18/2018,1.88,1.75,2
8/19/2018,1.88,1.75,2
8/20/2018,1.88,1.75,2
8/21/2018,1.88,1.75,2
8/22/2018,1.88,1.75,2
8/23/2018,1.88,1.75,2
8/24/2018,1.88,1.75,2
8/25/2018,1.88,1.75,2
8/26/2018,1.88,1.75,2
8/27/2018,1.88,1.75,2
8/28/2018,1.88,1.75,2
8/29/2018,1.88,1.75,2
8/30/2018,1.88,1.75,2
8/31/2018,1.88,1.75,2
9/1/2018,1.88,1.75,2
9/2/2018,1.88,1.75,2
9/3/2018,1.88,1.75,2
9/4/2018,1.88,1.75,2
9/5/2018,1.88,1.75,2
9/6/2018,1.88,1.75,2
9/7/2018,1.88,1.75,2
9/8/2018,1.88,1.75,2
9/9/2018,1.88,1.75,2
9/10/2018,1.88,1.75,2
9/11/2018,1.88,1.75,2
9/12/2018,1.88,1.75,2
9/13/2018,1.88,1.75,2
9/14/2018,1.88,1.75,2
9/15/2018,1.88,1.75,2
9/16/2018,1.88,1.75,2
9/17/2018,1.88,1.75,2
9/18/2018,1.88,1.75,2
9/19/2018,1.88,1.75,2
9/20/2018,1.88,1.75,2
9/21/2018,1.88,1.75,2
9/22/2018,1.88,1.75,2
9/23/2018,1.88,1.75,2
9/24/2018,1.88,1.75,2
9/25/2018,1.88,1.75,2
9/26/2018,1.88,1.75,2
9/27/2018,2.13,2,2.25
9/28/2018,2.13,2,2.25
9/29/2018,2.13,2,2.25
9/30/2018,2.13,2,2.25
10/1/2018,2.13,2,2.25
10/2/2018,2.13,2,2.25
10/3/2018,2.13,2,2.25
10/4/2018,2.13,2,2.25
10/5/2018,2.13,2,2.25
10/6/2018,2.13,2,2.25
10/7/2018,2.13,2,2.25
10/8/2018,2.13,2,2.25
10/9/2018,2.13,2,2.25
10/10/2018,2.13,2,2.25
10/11/2018,2.13,2,2.25
10/12/2018,2.13,2,2.25
10/13/2018,2.13,2,2.25
10/14/2018,2.13,2,2.25
10/15/2018,2.13,2,2.25
10/16/2018,2.13,2,2.25
10/17/2018,2.13,2,2.25
10/18/2018,2.13,2,2.25
10/19/2018,2.13,2,2.25
10/20/2018,2.13,2,2.25
10/21/2018,2.13,2,2.25
10/22/2018,2.13,2,2.25
10/23/2018,2.13,2,2.25
10/24/2018,2.13,2,2.25
10/25/2018,2.13,2,2.25
10/26/2018,2.13,2,2.25
10/27/2018,2.13,2,2.25
10/28/2018,2.13,2,2.25
10/29/2018,2.13,2,2.25
10/30/2018,2.13,2,2.25
10/31/2018,2.13,2,2.25
11/1/2018,2.13,2,2.25
11/2/2018,2.13,2,2.25
11/3/2018,2.13,2,2.25
11/4/2018,2.13,2,2.25
11/5/2018,2.13,2,2.25
11/6/2018,2.13,2,2.25
11/7/2018,2.13,2,2.25
11/8/2018,2.13,2,2.25
11/9/2018,2.13,2,2.25
11/10/2018,2.13,2,2.25
11/11/2018,2.13,2,2.25
11/12/2018,2.13,2,2.25
11/13/2018,2.13,2,2.25
11/14/2018,2.13,2,2.25
11/15/2018,2.13,2,2.25
11/16/2018,2.13,2,2.25
11/17/2018,2.13,2,2.25
11/18/2018,2.13,2,2.25
11/19/2018,2.13,2,2.25
11/20/2018,2.13,2,2.25
11/21/2018,2.13,2,2.25
11/22/2018,2.13,2,2.25
11/23/2018,2.13,2,2.25
11/24/2018,2.13,2,2.25
11/25/2018,2.13,2,2.25
11/26/2018,2.13,2,2.25
11/27/2018,2.13,2,2.25
11/28/2018,2.13,2,2.25
11/29/2018,2.13,2,2.25
11/30/2018,2.13,2,2.25
12/1/2018,2.13,2,2.25
12/2/2018,2.13,2,2.25
12/3/2018,2.13,2,2.25
12/4/2018,2.13,2,2.25
12/5/2018,2.13,2,2.25
12/6/2018,2.13,2,2.25
12/7/2018,2.13,2,2.25
12/8/2018,2.13,2,2.25
12/9/2018,2.13,2,2.25
12/10/2018,2.13,2,2.25
12/11/2018,2.13,2,2.25
12/12/2018,2.13,2,2.25
12/13/2018,2.13,2,2.25
12/14/2018,2.13,2,2.25
12/15/2018,2.13,2,2.25
12/16/2018,2.13,2,2.25
12/17/2018,2.13,2,2.25
12/18/2018,2.13,2,2.25
12/19/2018,2.13,2,2.25
12/20/2018,2.38,2.25,2.5
12/21/2018,2.38,2.25,2.5
12/22/2018,2.38,2.25,2.5
12/23/2018,2.38,2.25,2.5
12/24/2018,2.38,2.25,2.5
12/25/2018,2.38,2.25,2.5
12/26/2018,2.38,2.25,2.5
12/27/2018,2.38,2.25,2.5
12/28/2018,2.38,2.25,2.5
12/29/2018,2.38,2.25,2.5
12/30/2018,2.38,2.25,2.5
12/31/2018,2.38,2.25,2.5
1/1/2019,2.38,2.25,2.5
1/2/2019,2.38,2.25,2.5
1/3/2019,2.38,2.25,2.5
1/4/2019,2.38,2.25,2.5
1/5/2019,2.38,2.25,2.5
1/6/2019,2.38,2.25,2.5
1/7/2019,2.38,2.25,2.5
1/8/2019,2.38,2.25,2.5
1/9/2019,2.38,2.25,2.5
1/10/2019,2.38,2.25,2.5
1/11/2019,2.38,2.25,2.5
1/12/2019,2.38,2.25,2.5
1/13/2019,2.38,2.25,2.5
1/14/2019,2.38,2.25,2.5
1/15/2019,2.38,2.25,2.5
1/16/2019,2.38,2.25,2.5
1/17/2019,2.38,2.25,2.5
1/18/2019,2.38,2.25,2.5
1/19/2019,2.38,2.25,2.5
1/20/2019,2.38,2.25,2.5
1/21/2019,2.38,2.25,2.5
1/22/2019,2.38,2.25,2.5
1/23/2019,2.38,2.25,2.5
1/24/2019,2.38,2.25,2.5
1/25/2019,2.38,2.25,2.5
1/26/2019,2.38,2.25,2.5
1/27/2019,2.38,2.25,2.5
1/28/2019,2.38,2.25,2.5
1/29/2019,2.38,2.25,2.5
1/30/2019,2.38,2.25,2.5
1/31/2019,2.38,2.25,2.5
2/1/2019,2.38,2.25,2.5
2/2/2019,2.38,2.25,2.5
2/3/2019,2.38,2.25,2.5
2/4/2019,2.38,2.25,2.5
2/5/2019,2.38,2.25,2.5
2/6/2019,2.38,2.25,2.5
2/7/2019,2.38,2.25,2.5
2/8/2019,2.38,2.25,2.5
2/9/2019,2.38,2.25,2.5
2/10/2019,2.38,2.25,2.5
2/11/2019,2.38,2.25,2.5
2/12/2019,2.38,2.25,2.5
2/13/2019,2.38,2.25,2.5
2/14/2019,2.38,2.25,2.5
2/15/2019,2.38,2.25,2.5
2/16/2019,2.38,2.25,2.5
2/17/2019,2.38,2.25,2.5
2/18/2019,2.38,2.25,2.5
2/19/2019,2.38,2.25,2.5
2/20/2019,2.38,2.25,2.5
2/21/2019,2.38,2.25,2.5
2/22/2019,2.38,2.25,2.5
2/23/2019,2.38,2.25,2.5
2/24/2019,2.38,2.25,2.5
2/25/2019,2.38,2.25,2.5
2/26/2019,2.38,2.25,2.5
2/27/2019,2.38,2.25,2.5
2/28/2019,2.38,2.25,2.5
3/1/2019,2.38,2.25,2.5
3/2/2019,2.38,2.25,2.5
3/3/2019,2.38,2.25,2.5
3/4/2019,2.38,2.25,2.5
3/5/2019,2.38,2.25,2.5
3/6/2019,2.38,2.25,2.5
3/7/2019,2.38,2.25,2.5
3/8/2019,2.38,2.25,2.5
3/9/2019,2.38,2.25,2.5
3/10/2019,2.38,2.25,2.5
3/11/2019,2.38,2.25,2.5
3/12/2019,2.38,2.25,2.5
3/13/2019,2.38,2.25,2.5
3/14/2019,2.38,2.25,2.5
3/15/2019,2.38,2.25,2.5
3/16/2019,2.38,2.25,2.5
3/17/2019,2.38,2.25,2.5
3/18/2019,2.38,2.25,2.5
3/19/2019,2.38,2.25,2.5
3/20/2019,2.38,2.25,2.5
3/21/2019,2.38,2.25,2.5
3/22/2019,2.38,2.25,2.5
3/23/2019,2.38,2.25,2.5
3/24/2019,2.38,2.25,2.5
3/25/2019,2.38,2.25,2.5
3/26/2019,2.38,2.25,2.5
3/27/2019,2.38,2.25,2.5
3/28/2019,2.38,2.25,2.5
3/29/2019,2.38,2.25,2.5
3/30/2019,2.38,2.25,2.5
3/31/2019,2.38,2.25,2.5
4/1/2019,2.38,2.25,2.5
4/2/2019,2.38,2.25,2.5
4/3/2019,2.38,2.25,2.5
4/4/2019,2.38,2.25,2.5
4/5/2019,2.38,2.25,2.5
4/6/2019,2.38,2.25,2.5
4/7/2019,2.38,2.25,2.5
4/8/2019,2.38,2.25,2.5
4/9/2019,2.38,2.25,2.5
4/10/2019,2.38,2.25,2.5
4/11/2019,2.38,2.25,2.5
4/12/2019,2.38,2.25,2.5
4/13/2019,2.38,2.25,2.5
4/14/2019,2.38,2.25,2.5
4/15/2019,2.38,2.25,2.5
4/16/2019,2.38,2.25,2.5
4/17/2019,2.38,2.25,2.5
4/18/2019,2.38,2.25,2.5
4/19/2019,2.38,2.25,2.5
4/20/2019,2.38,2.25,2.5
4/21/2019,2.38,2.25,2.5
4/22/2019,2.38,2.25,2.5
4/23/2019,2.38,2.25,2.5
4/24/2019,2.38,2.25,2.5
4/25/2019,2.38,2.25,2.5
4/26/2019,2.38,2.25,2.5
4/27/2019,2.38,2.25,2.5
4/28/2019,2.38,2.25,2.5
4/29/2019,2.38,2.25,2.5
4/30/2019,2.38,2.25,2.5
5/1/2019,2.38,2.25,2.5
5/2/2019,2.38,2.25,2.5
5/3/2019,2.38,2.25,2.5
5/4/2019,2.38,2.25,2.5
5/5/2019,2.38,2.25,2.5
5/6/2019,2.38,2.25,2.5
5/7/2019,2.38,2.25,2.5
5/8/2019,2.38,2.25,2.5
5/9/2019,2.38,2.25,2.5
5/10/2019,2.38,2.25,2.5
5/11/2019,2.38,2.25,2.5
5/12/2019,2.38,2.25,2.5
5/13/2019,2.38,2.25,2.5
5/14/2019,2.38,2.25,2.5
5/15/2019,2.38,2.25,2.5
5/16/2019,2.38,2.25,2.5
5/17/2019,2.38,2.25,2.5
5/18/2019,2.38,2.25,2.5
5/19/2019,2.38,2.25,2.5
5/20/2019,2.38,2.25,2.5
5/21/2019,2.38,2.25,2.5
5/22/2019,2.38,2.25,2.5
5/23/2019,2.38,2.25,2.5
5/24/2019,2.38,2.25,2.5
5/25/2019,2.38,2.25,2.5
5/26/2019,2.38,2.25,2.5
5/27/2019,2.38,2.25,2.5
5/28/2019,2.38,2.25,2.5
5/29/2019,2.38,2.25,2.5
5/30/2019,2.38,2.25,2.5
5/31/2019,2.38,2.25,2.5
6/1/2019,2.38,2.25,2.5
6/2/2019,2.38,2.25,2.5
6/3/2019,2.38,2.25,2.5
6/4/2019,2.38,2.25,2.5
6/5/2019,2.38,2.25,2.5
6/6/2019,2.38,2.25,2.5
6/7/2019,2.38,2.25,2.5
6/8/2019,2.38,2.25,2.5
6/9/2019,2.38,2.25,2.5
6/10/2019,2.38,2.25,2.5
6/11/2019,2.38,2.25,2.5
6/12/2019,2.38,2.25,2.5
6/13/2019,2.38,2.25,2.5
6/14/2019,2.38,2.25,2.5
6/15/2019,2.38,2.25,2.5
6/16/2019,2.38,2.25,2.5
6/17/2019,2.38,2.25,2.5
6/18/2019,2.38,2.25,2.5
6/19/2019,2.38,2.25,2.5
6/20/2019,2.38,2.25,2.5
6/21/2019,2.38,2.25,2.5
6/22/2019,2.38,2.25,2.5
6/23/2019,2.38,2.25,2.5
6/24/2019,2.38,2.25,2.5
6/25/2019,2.38,2.25,2.5
6/26/2019,2.38,2.25,2.5
6/27/2019,2.38,2.25,2.5
6/28/2019,2.38,2.25,2.5
6/29/2019,2.38,2.25,2.5
6/30/2019,2.38,2.25,2.5
7/1/2019,2.38,2.25,2.5
7/2/2019,2.38,2.25,2.5
7/3/2019,2.38,2.25,2.5
7/4/2019,2.38,2.25,2.5
7/5/2019,2.38,2.25,2.5
7/6/2019,2.38,2.25,2.5
7/7/2019,2.38,2.25,2.5
7/8/2019,2.38,2.25,2.5
7/9/2019,2.38,2.25,2.5
7/10/2019,2.38,2.25,2.5
7/11/2019,2.38,2.25,2.5
7/12/2019,2.38,2.25,2.5
7/13/2019,2.38,2.25,2.5
7/14/2019,2.38,2.25,2.5
7/15/2019,2.38,2.25,2.5
7/16/2019,2.38,2.25,2.5
7/17/2019,2.38,2.25,2.5
7/18/2019,2.38,2.25,2.5
7/19/2019,2.38,2.25,2.5
7/20/2019,2.38,2.25,2.5
7/21/2019,2.38,2.25,2.5
7/22/2019,2.38,2.25,2.5
7/23/2019,2.38,2.25,2.5
7/24/2019,2.38,2.25,2.5
7/25/2019,2.38,2.25,2.5
7/26/2019,2.38,2.25,2.5
7/27/2019,2.38,2.25,2.5
7/28/2019,2.38,2.25,2.5
7/29/2019,2.38,2.25,2.5
7/30/2019,2.38,2.25,2.5
7/31/2019,2.38,2.25,2.5
8/1/2019,2.13,2,2.25
8/2/2019,2.13,2,2.25
8/3/2019,2.13,2,2.25
8/4/2019,2.13,2,2.25
8/5/2019,2.13,2,2.25
8/6/2019,2.13,2,2.25
8/7/2019,2.13,2,2.25
8/8/2019,2.13,2,2.25
8/9/2019,2.13,2,2.25
8/10/2019,2.13,2,2.25
8/11/2019,2.13,2,2.25
8/12/2019,2.13,2,2.25
8/13/2019,2.13,2,2.25
8/14/2019,2.13,2,2.25
8/15/2019,2.13,2,2.25
8/16/2019,2.13,2,2.25
8/17/2019,2.13,2,2.25
8/18/2019,2.13,2,2.25
8/19/2019,2.13,2,2.25
8/20/2019,2.13,2,2.25
8/21/2019,2.13,2,2.25
8/22/2019,2.13,2,2.25
8/23/2019,2.13,2,2.25
8/24/2019,2.13,2,2.25
8/25/2019,2.13,2,2.25
8/26/2019,2.13,2,2.25
8/27/2019,2.13,2,2.25
8/28/2019,2.13,2,2.25
8/29/2019,2.13,2,2.25
8/30/2019,2.13,2,2.25
8/31/2019,2.13,2,2.25
9/1/2019,2.13,2,2.25
9/2/2019,2.13,2,2.25
9/3/2019,2.13,2,2.25
9/4/2019,2.13,2,2.25
9/5/2019,2.13,2,2.25
9/6/2019,2.13,2,2.25
9/7/2019,2.13,2,2.25
9/8/2019,2.13,2,2.25
9/9/2019,2.13,2,2.25
9/10/2019,2.13,2,2.25
9/11/2019,2.13,2,2.25
9/12/2019,2.13,2,2.25
9/13/2019,2.13,2,2.25
9/14/2019,2.13,2,2.25
9/15/2019,2.13,2,2.25
9/16/2019,2.13,2,2.25
9/17/2019,2.13,2,2.25
9/18/2019,2.13,2,2.25
9/19/2019,1.88,1.75,2
9/20/2019,1.88,1.75,2
9/21/2019,1.88,1.75,2
9/22/2019,1.88,1.75,2
9/23/2019,1.88,1.75,2
9/24/2019,1.88,1.75,2
9/25/2019,1.88,1.75,2
9/26/2019,1.88,1.75,2
9/27/2019,1.88,1.75,2
9/28/2019,1.88,1.75,2
9/29/2019,1.88,1.75,2
9/30/2019,1.88,1.75,2
10/1/2019,1.88,1.75,2
10/2/2019,1.88,1.75,2
10/3/2019,1.88,1.75,2
10/4/2019,1.88,1.75,2
10/5/2019,1.88,1.75,2
10/6/2019,1.88,1.75,2
10/7/2019,1.88,1.75,2
10/8/2019,1.88,1.75,2
10/9/2019,1.88,1.75,2
10/10/2019,1.88,1.75,2
10/11/2019,1.88,1.75,2
10/12/2019,1.88,1.75,2
10/13/2019,1.88,1.75,2
10/14/2019,1.88,1.75,2
10/15/2019,1.88,1.75,2
10/16/2019,1.88,1.75,2
10/17/2019,1.88,1.75,2
10/18/2019,1.88,1.75,2
10/19/2019,1.88,1.75,2
10/20/2019,1.88,1.75,2
10/21/2019,1.88,1.75,2
10/22/2019,1.88,1.75,2
10/23/2019,1.88,1.75,2
10/24/2019,1.88,1.75,2
10/25/2019,1.88,1.75,2
10/26/2019,1.88,1.75,2
10/27/2019,1.88,1.75,2
10/28/2019,1.88,1.75,2
10/29/2019,1.88,1.75,2
10/30/2019,1.88,1.75,2
10/31/2019,1.63,1.5,1.75
11/1/2019,1.63,1.5,1.75
11/2/2019,1.63,1.5,1.75
11/3/2019,1.63,1.5,1.75
11/4/2019,1.63,1.5,1.75
11/5/2019,1.63,1.5,1.75
11/6/2019,1.63,1.5,1.75
11/7/2019,1.63,1.5,1.75
11/8/2019,1.63,1.5,1.75
11/9/2019,1.63,1.5,1.75
11/10/2019,1.63,1.5,1.75
11/11/2019,1.63,1.5,1.75
11/12/2019,1.63,1.5,1.75
11/13/2019,1.63,1.5,1.75
11/14/2019,1.63,1.5,1.75
11/15/2019,1.63,1.5,1.75
11/16/2019,1.63,1.5,1.75
11/17/2019,1.63,1.5,1.75
11/18/2019,1.63,1.5,1.75
11/19/2019,1.63,1.5,1.75
11/20/2019,1.63,1.5,1.75
11/21/2019,1.63,1.5,1.75
11/22/2019,1.63,1.5,1.75
11/23/2019,1.63,1.5,1.75
11/24/2019,1.63,1.5,1.75
11/25/2019,1.63,1.5,1.75
11/26/2019,1.63,1.5,1.75
11/27/2019,1.63,1.5,1.75
11/28/2019,1.63,1.5,1.75
11/29/2019,1.63,1.5,1.75
11/30/2019,1.63,1.5,1.75
12/1/2019,1.63,1.5,1.75
12/2/2019,1.63,1.5,1.75
12/3/2019,1.63,1.5,1.75
12/4/2019,1.63,1.5,1.75
12/5/2019,1.63,1.5,1.75
12/6/2019,1.63,1.5,1.75
12/7/2019,1.63,1.5,1.75
12/8/2019,1.63,1.5,1.75
12/9/2019,1.63,1.5,1.75
12/10/2019,1.63,1.5,1.75
12/11/2019,1.63,1.5,1.75
12/12/2019,1.63,1.5,1.75
12/13/2019,1.63,1.5,1.75
12/14/2019,1.63,1.5,1.75
12/15/2019,1.63,1.5,1.75
12/16/2019,1.63,1.5,1.75
12/17/2019,1.63,1.5,1.75
12/18/2019,1.63,1.5,1.75
12/19/2019,1.63,1.5,1.75
12/20/2019,1.63,1.5,1.75
12/21/2019,1.63,1.5,1.75
12/22/2019,1.63,1.5,1.75
12/23/2019,1.63,1.5,1.75
12/24/2019,1.63,1.5,1.75
12/25/2019,1.63,1.5,1.75
12/26/2019,1.63,1.5,1.75
12/27/2019,1.63,1.5,1.75
12/28/2019,1.63,1.5,1.75
12/29/2019,1.63,1.5,1.75
12/30/2019,1.63,1.5,1.75
12/31/2019,1.63,1.5,1.75
1/1/2020,1.63,1.5,1.75
1/2/2020,1.63,1.5,1.75
1/3/2020,1.63,1.5,1.75
1/4/2020,1.63,1.5,1.75
1/5/2020,1.63,1.5,1.75
1/6/2020,1.63,1.5,1.75
1/7/2020,1.63,1.5,1.75
1/8/2020,1.63,1.5,1.75
1/9/2020,1.63,1.5,1.75
1/10/2020,1.63,1.5,1.75
1/11/2020,1.63,1.5,1.75
1/12/2020,1.63,1.5,1.75
1/13/2020,1.63,1.5,1.75
1/14/2020,1.63,1.5,1.75
1/15/2020,1.63,1.5,1.75
1/16/2020,1.63,1.5,1.75
1/17/2020,1.63,1.5,1.75
1/18/2020,1.63,1.5,1.75
1/19/2020,1.63,1.5,1.75
1/20/2020,1.63,1.5,1.75
1/21/2020,1.63,1.5,1.75
1/22/2020,1.63,1.5,1.75
1/23/2020,1.63,1.5,1.75
1/24/2020,1.63,1.5,1.75
1/25/2020,1.63,1.5,1.75
1/26/2020,1.63,1.5,1.75
1/27/2020,1.63,1.5,1.75
1/28/2020,1.63,1.5,1.75
1/29/2020,1.63,1.5,1.75
1/30/2020,1.63,1.5,1.75
1/31/2020,1.63,1.5,1.75
2/1/2020,1.63,1.5,1.75
2/2/2020,1.63,1.5,1.75
2/3/2020,1.63,1.5,1.75
2/4/2020,1.63,1.5,1.75
2/5/2020,1.63,1.5,1.75
2/6/2020,1.63,1.5,1.75
2/7/2020,1.63,1.5,1.75
2/8/2020,1.63,1.5,1.75
2/9/2020,1.63,1.5,1.75
2/10/2020,1.63,1.5,1.75
2/11/2020,1.63,1.5,1.75
2/12/2020,1.63,1.5,1.75
2/13/2020,1.63,1.5,1.75
2/14/2020,1.63,1.5,1.75
2/15/2020,1.63,1.5,1.75
2/16/2020,1.63,1.5,1.75
2/17/2020,1.63,1.5,1.75
2/18/2020,1.63,1.5,1.75
2/19/2020,1.63,1.5,1.75
2/20/2020,1.63,1.5,1.75
2/21/2020,1.63,1.5,1.75
2/22/2020,1.63,1.5,1.75
2/23/2020,1.63,1.5,1.75
2/24/2020,1.63,1.5,1.75
2/25/2020,1.63,1.5,1.75
2/26/2020,1.63,1.5,1.75
2/27/2020,1.63,1.5,1.75
2/28/2020,1.63,1.5,1.75
2/29/2020,1.63,1.5,1.75
3/1/2020,1.63,1.5,1.75
3/2/2020,1.63,1.5,1.75
3/3/2020,1.63,1.5,1.75
3/4/2020,1.13,1,1.25
3/5/2020,1.13,1,1.25
3/6/2020,1.13,1,1.25
3/7/2020,1.13,1,1.25
3/8/2020,1.13,1,1.25
3/9/2020,1.13,1,1.25
3/10/2020,1.13,1,1.25
3/11/2020,1.13,1,1.25
3/12/2020,1.13,1,1.25
3/13/2020,1.13,1,1.25
3/14/2020,1.13,1,1.25
3/15/2020,1.13,1,1.25
3/16/2020,0.13,0,0.25
3/17/2020,0.13,0,0.25
3/18/2020,0.13,0,0.25
3/19/2020,0.13,0,0.25
3/20/2020,0.13,0,0.25
3/21/2020,0.13,0,0.25
3/22/2020,0.13,0,0.25
3/23/2020,0.13,0,0.25
3/24/2020,0.13,0,0.25
3/25/2020,0.13,0,0.25
3/26/2020,0.13,0,0.25
3/27/2020,0.13,0,0.25
3/28/2020,0.13,0,0.25
3/29/2020,0.13,0,0.25
3/30/2020,0.13,0,0.25
3/31/2020,0.13,0,0.25
4/1/2020,0.13,0,0.25
4/2/2020,0.13,0,0.25
4/3/2020,0.13,0,0.25
4/4/2020,0.13,0,0.25
4/5/2020,0.13,0,0.25
4/6/2020,0.13,0,0.25
4/7/2020,0.13,0,0.25
4/8/2020,0.13,0,0.25
4/9/2020,0.13,0,0.25
4/10/2020,0.13,0,0.25
4/11/2020,0.13,0,0.25
4/12/2020,0.13,0,0.25
4/13/2020,0.13,0,0.25
4/14/2020,0.13,0,0.25
4/15/2020,0.13,0,0.25
4/16/2020,0.13,0,0.25
4/17/2020,0.13,0,0.25
4/18/2020,0.13,0,0.25
4/19/2020,0.13,0,0.25
4/20/2020,0.13,0,0.25
4/21/2020,0.13,0,0.25
4/22/2020,0.13,0,0.25
4/23/2020,0.13,0,0.25
4/24/2020,0.13,0,0.25
4/25/2020,0.13,0,0.25
4/26/2020,0.13,0,0.25
4/27/2020,0.13,0,0.25
4/28/2020,0.13,0,0.25
4/29/2020,0.13,0,0.25
4/30/2020,0.13,0,0.25
5/1/2020,0.13,0,0.25
5/2/2020,0.13,0,0.25
5/3/2020,0.13,0,0.25
5/4/2020,0.13,0,0.25
5/5/2020,0.13,0,0.25
5/6/2020,0.13,0,0.25
5/7/2020,0.13,0,0.25
5/8/2020,0.13,0,0.25
5/9/2020,0.13,0,0.25
5/10/2020,0.13,0,0.25
5/11/2020,0.13,0,0.25
5/12/2020,0.13,0,0.25
5/13/2020,0.13,0,0.25
5/14/2020,0.13,0,0.25
5/15/2020,0.13,0,0.25
5/16/2020,0.13,0,0.25
5/17/2020,0.13,0,0.25
5/18/2020,0.13,0,0.25
5/19/2020,0.13,0,0.25
5/20/2020,0.13,0,0.25
5/21/2020,0.13,0,0.25
5/22/2020,0.13,0,0.25
5/23/2020,0.13,0,0.25
5/24/2020,0.13,0,0.25
5/25/2020,0.13,0,0.25
5/26/2020,0.13,0,0.25
5/27/2020,0.13,0,0.25
5/28/2020,0.13,0,0.25
5/29/2020,0.13,0,0.25
5/30/2020,0.13,0,0.25
5/31/2020,0.13,0,0.25
6/1/2020,0.13,0,0.25
6/2/2020,0.13,0,0.25
6/3/2020,0.13,0,0.25
6/4/2020,0.13,0,0.25
6/5/2020,0.13,0,0.25
6/6/2020,0.13,0,0.25
6/7/2020,0.13,0,0.25
6/8/2020,0.13,0,0.25
6/9/2020,0.13,0,0.25
6/10/2020,0.13,0,0.25
6/11/2020,0.13,0,0.25
6/12/2020,0.13,0,0.25
6/13/2020,0.13,0,0.25
6/14/2020,0.13,0,0.25
6/15/2020,0.13,0,0.25
6/16/2020,0.13,0,0.25
6/17/2020,0.13,0,0.25
6/18/2020,0.13,0,0.25
6/19/2020,0.13,0,0.25
6/20/2020,0.13,0,0.25
6/21/2020,0.13,0,0.25
6/22/2020,0.13,0,0.25
6/23/2020,0.13,0,0.25
6/24/2020,0.13,0,0.25
6/25/2020,0.13,0,0.25
6/26/2020,0.13,0,0.25
6/27/2020,0.13,0,0.25
6/28/2020,0.13,0,0.25
6/29/2020,0.13,0,0.25
6/30/2020,0.13,0,0.25
7/1/2020,0.13,0,0.25
7/2/2020,0.13,0,0.25
7/3/2020,0.13,0,0.25
7/4/2020,0.13,0,0.25
7/5/2020,0.13,0,0.25
7/6/2020,0.13,0,0.25
7/7/2020,0.13,0,0.25
7/8/2020,0.13,0,0.25
7/9/2020,0.13,0,0.25
7/10/2020,0.13,0,0.25
7/11/2020,0.13,0,0.25
7/12/2020,0.13,0,0.25
7/13/2020,0.13,0,0.25
7/14/2020,0.13,0,0.25
7/15/2020,0.13,0,0.25
7/16/2020,0.13,0,0.25
7/17/2020,0.13,0,0.25
7/18/2020,0.13,0,0.25
7/19/2020,0.13,0,0.25
7/20/2020,0.13,0,0.25
7/21/2020,0.13,0,0.25
7/22/2020,0.13,0,0.25
7/23/2020,0.13,0,0.25
7/24/2020,0.13,0,0.25
7/25/2020,0.13,0,0.25
7/26/2020,0.13,0,0.25
7/27/2020,0.13,0,0.25
7/28/2020,0.13,0,0.25
7/29/2020,0.13,0,0.25
7/30/2020,0.13,0,0.25
7/31/2020,0.13,0,0.25
8/1/2020,0.13,0,0.25
8/2/2020,0.13,0,0.25
8/3/2020,0.13,0,0.25
8/4/2020,0.13,0,0.25
8/5/2020,0.13,0,0.25
8/6/2020,0.13,0,0.25
8/7/2020,0.13,0,0.25
8/8/2020,0.13,0,0.25
8/9/2020,0.13,0,0.25
8/10/2020,0.13,0,0.25
8/11/2020,0.13,0,0.25
8/12/2020,0.13,0,0.25
8/13/2020,0.13,0,0.25
8/14/2020,0.13,0,0.25
8/15/2020,0.13,0,0.25
8/16/2020,0.13,0,0.25
8/17/2020,0.13,0,0.25
8/18/2020,0.13,0,0.25
8/19/2020,0.13,0,0.25
8/20/2020,0.13,0,0.25
8/21/2020,0.13,0,0.25
8/22/2020,0.13,0,0.25
8/23/2020,0.13,0,0.25
8/24/2020,0.13,0,0.25
8/25/2020,0.13,0,0.25
8/26/2020,0.13,0,0.25
8/27/2020,0.13,0,0.25
8/28/2020,0.13,0,0.25
8/29/2020,0.13,0,0.25
8/30/2020,0.13,0,0.25
8/31/2020,0.13,0,0.25
9/1/2020,0.13,0,0.25
9/2/2020,0.13,0,0.25
9/3/2020,0.13,0,0.25
9/4/2020,0.13,0,0.25
9/5/2020,0.13,0,0.25
9/6/2020,0.13,0,0.25
9/7/2020,0.13,0,0.25
9/8/2020,0.13,0,0.25
9/9/2020,0.13,0,0.25
9/10/2020,0.13,0,0.25
9/11/2020,0.13,0,0.25
9/12/2020,0.13,0,0.25
9/13/2020,0.13,0,0.25
9/14/2020,0.13,0,0.25
9/15/2020,0.13,0,0.25
9/16/2020,0.13,0,0.25
9/17/2020,0.13,0,0.25
9/18/2020,0.13,0,0.25
9/19/2020,0.13,0,0.25
9/20/2020,0.13,0,0.25
9/21/2020,0.13,0,0.25
9/22/2020,0.13,0,0.25
9/23/2020,0.13,0,0.25
9/24/2020,0.13,0,0.25
9/25/2020,0.13,0,0.25
9/26/2020,0.13,0,0.25
9/27/2020,0.13,0,0.25
9/28/2020,0.13,0,0.25
9/29/2020,0.13,0,0.25
9/30/2020,0.13,0,0.25
10/1/2020,0.13,0,0.25
10/2/2020,0.13,0,0.25
10/3/2020,0.13,0,0.25
10/4/2020,0.13,0,0.25
10/5/2020,0.13,0,0.25
10/6/2020,0.13,0,0.25
10/7/2020,0.13,0,0.25
10/8/2020,0.13,0,0.25
10/9/2020,0.13,0,0.25
10/10/2020,0.13,0,0.25
10/11/2020,0.13,0,0.25
10/12/2020,0.13,0,0.25
10/13/2020,0.13,0,0.25
10/14/2020,0.13,0,0.25
10/15/2020,0.13,0,0.25
10/16/2020,0.13,0,0.25
10/17/2020,0.13,0,0.25
10/18/2020,0.13,0,0.25
10/19/2020,0.13,0,0.25
10/20/2020,0.13,0,0.25
10/21/2020,0.13,0,0.25
10/22/2020,0.13,0,0.25
10/23/2020,0.13,0,0.25
10/24/2020,0.13,0,0.25
10/25/2020,0.13,0,0.25
10/26/2020,0.13,0,0.25
10/27/2020,0.13,0,0.25
10/28/2020,0.13,0,0.25
10/29/2020,0.13,0,0.25
10/30/2020,0.13,0,0.25
10/31/2020,0.13,0,0.25
11/1/2020,0.13,0,0.25
11/2/2020,0.13,0,0.25
11/3/2020,0.13,0,0.25
11/4/2020,0.13,0,0.25
11/5/2020,0.13,0,0.25
11/6/2020,0.13,0,0.25
11/7/2020,0.13,0,0.25
11/8/2020,0.13,0,0.25
11/9/2020,0.13,0,0.25
11/10/2020,0.13,0,0.25
11/11/2020,0.13,0,0.25
11/12/2020,0.13,0,0.25
11/13/2020,0.13,0,0.25
11/14/2020,0.13,0,0.25
11/15/2020,0.13,0,0.25
11/16/2020,0.13,0,0.25
11/17/2020,0.13,0,0.25
11/18/2020,0.13,0,0.25
11/19/2020,0.13,0,0.25
11/20/2020,0.13,0,0.25
11/21/2020,0.13,0,0.25
11/22/2020,0.13,0,0.25
11/23/2020,0.13,0,0.25
11/24/2020,0.13,0,0.25
11/25/2020,0.13,0,0.25
11/26/2020,0.13,0,0.25
11/27/2020,0.13,0,0.25
11/28/2020,0.13,0,0.25
11/29/2020,0.13,0,0.25
11/30/2020,0.13,0,0.25
12/1/2020,0.13,0,0.25
12/2/2020,0.13,0,0.25
12/3/2020,0.13,0,0.25
12/4/2020,0.13,0,0.25
12/5/2020,0.13,0,0.25
12/6/2020,0.13,0,0.25
12/7/2020,0.13,0,0.25
12/8/2020,0.13,0,0.25
12/9/2020,0.13,0,0.25
12/10/2020,0.13,0,0.25
12/11/2020,0.13,0,0.25
12/12/2020,0.13,0,0.25
12/13/2020,0.13,0,0.25
12/14/2020,0.13,0,0.25
12/15/2020,0.13,0,0.25
12/16/2020,0.13,0,0.25
12/17/2020,0.13,0,0.25
12/18/2020,0.13,0,0.25
12/19/2020,0.13,0,0.25
12/20/2020,0.13,0,0.25
12/21/2020,0.13,0,0.25
12/22/2020,0.13,0,0.25
12/23/2020,0.13,0,0.25
12/24/2020,0.13,0,0.25
12/25/2020,0.13,0,0.25
12/26/2020,0.13,0,0.25
12/27/2020,0.13,0,0.25
12/28/2020,0.13,0,0.25
12/29/2020,0.13,0,0.25
12/30/2020,0.13,0,0.25
12/31/2020,0.13,0,0.25
1/1/2021,0.13,0,0.25
1/2/2021,0.13,0,0.25
1/3/2021,0.13,0,0.25
1/4/2021,0.13,0,0.25
1/5/2021,0.13,0,0.25
1/6/2021,0.13,0,0.25
1/7/2021,0.13,0,0.25
1/8/2021,0.13,0,0.25
1/9/2021,0.13,0,0.25
1/10/2021,0.13,0,0.25
1/11/2021,0.13,0,0.25
1/12/2021,0.13,0,0.25
1/13/2021,0.13,0,0.25
1/14/2021,0.13,0,0.25
1/15/2021,0.13,0,0.25
1/16/2021,0.13,0,0.25
1/17/2021,0.13,0,0.25
1/18/2021,0.13,0,0.25
1/19/2021,0.13,0,0.25
1/20/2021,0.13,0,0.25
1/21/2021,0.13,0,0.25
1/22/2021,0.13,0,0.25
1/23/2021,0.13,0,0.25
1/24/2021,0.13,0,0.25
1/25/2021,0.13,0,0.25
1/26/2021,0.13,0,0.25
1/27/2021,0.13,0,0.25
1/28/2021,0.13,0,0.25
1/29/2021,0.13,0,0.25
1/30/2021,0.13,0,0.25
1/31/2021,0.13,0,0.25
2/1/2021,0.13,0,0.25
2/2/2021,0.13,0,0.25
2/3/2021,0.13,0,0.25
2/4/2021,0.13,0,0.25
2/5/2021,0.13,0,0.25
2/6/2021,0.13,0,0.25
2/7/2021,0.13,0,0.25
2/8/2021,0.13,0,0.25
2/9/2021,0.13,0,0.25
2/10/2021,0.13,0,0.25
2/11/2021,0.13,0,0.25
2/12/2021,0.13,0,0.25
2/13/2021,0.13,0,0.25
2/14/2021,0.13,0,0.25
2/15/2021,0.13,0,0.25
2/16/2021,0.13,0,0.25
2/17/2021,0.13,0,0.25
2/18/2021,0.13,0,0.25
2/19/2021,0.13,0,0.25
2/20/2021,0.13,0,0.25
2/21/2021,0.13,0,0.25
2/22/2021,0.13,0,0.25
2/23/2021,0.13,0,0.25
2/24/2021,0.13,0,0.25
2/25/2021,0.13,0,0.25
2/26/2021,0.13,0,0.25
2/27/2021,0.13,0,0.25
2/28/2021,0.13,0,0.25
3/1/2021,0.13,0,0.25
3/2/2021,0.13,0,0.25
3/3/2021,0.13,0,0.25
3/4/2021,0.13,0,0.25
3/5/2021,0.13,0,0.25
3/6/2021,0.13,0,0.25
3/7/2021,0.13,0,0.25
3/8/2021,0.13,0,0.25
3/9/2021,0.13,0,0.25
3/10/2021,0.13,0,0.25
3/11/2021,0.13,0,0.25
3/12/2021,0.13,0,0.25
3/13/2021,0.13,0,0.25
3/14/2021,0.13,0,0.25
3/15/2021,0.13,0,0.25
3/16/2021,0.13,0,0.25
3/17/2021,0.13,0,0.25
3/18/2021,0.13,0,0.25
3/19/2021,0.13,0,0.25
3/20/2021,0.13,0,0.25
3/21/2021,0.13,0,0.25
3/22/2021,0.13,0,0.25
3/23/2021,0.13,0,0.25
3/24/2021,0.13,0,0.25
3/25/2021,0.13,0,0.25
3/26/2021,0.13,0,0.25
3/27/2021,0.13,0,0.25
3/28/2021,0.13,0,0.25
3/29/2021,0.13,0,0.25
3/30/2021,0.13,0,0.25
3/31/2021,0.13,0,0.25
4/1/2021,0.13,0,0.25
4/2/2021,0.13,0,0.25
4/3/2021,0.13,0,0.25
4/4/2021,0.13,0,0.25
4/5/2021,0.13,0,0.25
4/6/2021,0.13,0,0.25
4/7/2021,0.13,0,0.25
4/8/2021,0.13,0,0.25
4/9/2021,0.13,0,0.25
4/10/2021,0.13,0,0.25
4/11/2021,0.13,0,0.25
4/12/2021,0.13,0,0.25
4/13/2021,0.13,0,0.25
4/14/2021,0.13,0,0.25
4/15/2021,0.13,0,0.25
4/16/2021,0.13,0,0.25
4/17/2021,0.13,0,0.25
4/18/2021,0.13,0,0.25
4/19/2021,0.13,0,0.25
4/20/2021,0.13,0,0.25
4/21/2021,0.13,0,0.25
4/22/2021,0.13,0,0.25
4/23/2021,0.13,0,0.25
4/24/2021,0.13,0,0.25
4/25/2021,0.13,0,0.25
4/26/2021,0.13,0,0.25
4/27/2021,0.13,0,0.25
4/28/2021,0.13,0,0.25
4/29/2021,0.13,0,0.25
4/30/2021,0.13,0,0.25
5/1/2021,0.13,0,0.25
5/2/2021,0.13,0,0.25
5/3/2021,0.13,0,0.25
5/4/2021,0.13,0,0.25
5/5/2021,0.13,0,0.25
5/6/2021,0.13,0,0.25
5/7/2021,0.13,0,0.25
5/8/2021,0.13,0,0.25
5/9/2021,0.13,0,0.25
5/10/2021,0.13,0,0.25
5/11/2021,0.13,0,0.25
5/12/2021,0.13,0,0.25
5/13/2021,0.13,0,0.25
5/14/2021,0.13,0,0.25
5/15/2021,0.13,0,0.25
5/16/2021,0.13,0,0.25
5/17/2021,0.13,0,0.25
5/18/2021,0.13,0,0.25
5/19/2021,0.13,0,0.25
5/20/2021,0.13,0,0.25
5/21/2021,0.13,0,0.25
5/22/2021,0.13,0,0.25
5/23/2021,0.13,0,0.25
5/24/2021,0.13,0,0.25
5/25/2021,0.13,0,0.25
5/26/2021,0.13,0,0.25
5/27/2021,0.13,0,0.25
5/28/2021,0.13,0,0.25
5/29/2021,0.13,0,0.25
5/30/2021,0.13,0,0.25
5/31/2021,0.13,0,0.25
6/1/2021,0.13,0,0.25
6/2/2021,0.13,0,0.25
6/3/2021,0.13,0,0.25
6/4/2021,0.13,0,0.25
6/5/2021,0.13,0,0.25
6/6/2021,0.13,0,0.25
6/7/2021,0.13,0,0.25
6/8/2021,0.13,0,0.25
6/9/2021,0.13,0,0.25
6/10/2021,0.13,0,0.25
6/11/2021,0.13,0,0.25
6/12/2021,0.13,0,0.25
6/13/2021,0.13,0,0.25
6/14/2021,0.13,0,0.25
6/15/2021,0.13,0,0.25
6/16/2021,0.13,0,0.25
6/17/2021,0.13,0,0.25
6/18/2021,0.13,0,0.25
6/19/2021,0.13,0,0.25
6/20/2021,0.13,0,0.25
6/21/2021,0.13,0,0.25
6/22/2021,0.13,0,0.25
6/23/2021,0.13,0,0.25
6/24/2021,0.13,0,0.25
6/25/2021,0.13,0,0.25
6/26/2021,0.13,0,0.25
6/27/2021,0.13,0,0.25
6/28/2021,0.13,0,0.25
6/29/2021,0.13,0,0.25
6/30/2021,0.13,0,0.25
7/1/2021,0.13,0,0.25
7/2/2021,0.13,0,0.25
7/3/2021,0.13,0,0.25
7/4/2021,0.13,0,0.25
7/5/2021,0.13,0,0.25
7/6/2021,0.13,0,0.25
7/7/2021,0.13,0,0.25
7/8/2021,0.13,0,0.25
7/9/2021,0.13,0,0.25
7/10/2021,0.13,0,0.25
7/11/2021,0.13,0,0.25
7/12/2021,0.13,0,0.25
7/13/2021,0.13,0,0.25
7/14/2021,0.13,0,0.25
7/15/2021,0.13,0,0.25
7/16/2021,0.13,0,0.25
7/17/2021,0.13,0,0.25
7/18/2021,0.13,0,0.25
7/19/2021,0.13,0,0.25
7/20/2021,0.13,0,0.25
7/21/2021,0.13,0,0.25
7/22/2021,0.13,0,0.25
7/23/2021,0.13,0,0.25
7/24/2021,0.13,0,0.25
7/25/2021,0.13,0,0.25
7/26/2021,0.13,0,0.25
7/27/2021,0.13,0,0.25
7/28/2021,0.13,0,0.25
7/29/2021,0.13,0,0.25
7/30/2021,0.13,0,0.25
7/31/2021,0.13,0,0.25
8/1/2021,0.13,0,0.25
8/2/2021,0.13,0,0.25
8/3/2021,0.13,0,0.25
8/4/2021,0.13,0,0.25
8/5/2021,0.13,0,0.25
8/6/2021,0.13,0,0.25
8/7/2021,0.13,0,0.25
8/8/2021,0.13,0,0.25
8/9/2021,0.13,0,0.25
8/10/2021,0.13,0,0.25
8/11/2021,0.13,0,0.25
8/12/2021,0.13,0,0.25
8/13/2021,0.13,0,0.25
8/14/2021,0.13,0,0.25
8/15/2021,0.13,0,0.25
8/16/2021,0.13,0,0.25
8/17/2021,0.13,0,0.25
8/18/2021,0.13,0,0.25
8/19/2021,0.13,0,0.25
8/20/2021,0.13,0,0.25
8/21/2021,0.13,0,0.25
8/22/2021,0.13,0,0.25
8/23/2021,0.13,0,0.25
8/24/2021,0.13,0,0.25
8/25/2021,0.13,0,0.25
8/26/2021,0.13,0,0.25
8/27/2021,0.13,0,0.25
8/28/2021,0.13,0,0.25
8/29/2021,0.13,0,0.25
8/30/2021,0.13,0,0.25
8/31/2021,0.13,0,0.25
9/1/2021,0.13,0,0.25
9/2/2021,0.13,0,0.25
9/3/2021,0.13,0,0.25
9/4/2021,0.13,0,0.25
9/5/2021,0.13,0,0.25
9/6/2021,0.13,0,0.25
9/7/2021,0.13,0,0.25
9/8/2021,0.13,0,0.25
9/9/2021,0.13,0,0.25
9/10/2021,0.13,0,0.25
9/11/2021,0.13,0,0.25
9/12/2021,0.13,0,0.25
9/13/2021,0.13,0,0.25
9/14/2021,0.13,0,0.25
9/15/2021,0.13,0,0.25
9/16/2021,0.13,0,0.25
9/17/2021,0.13,0,0.25
9/18/2021,0.13,0,0.25
9/19/2021,0.13,0,0.25
9/20/2021,0.13,0,0.25
9/21/2021,0.13,0,0.25
9/22/2021,0.13,0,0.25
9/23/2021,0.13,0,0.25
9/24/2021,0.13,0,0.25
9/25/2021,0.13,0,0.25
9/26/2021,0.13,0,0.25
9/27/2021,0.13,0,0.25
9/28/2021,0.13,0,0.25
9/29/2021,0.13,0,0.25
9/30/2021,0.13,0,0.25
10/1/2021,0.13,0,0.25
10/2/2021,0.13,0,0.25
10/3/2021,0.13,0,0.25
10/4/2021,0.13,0,0.25
10/5/2021,0.13,0,0.25
10/6/2021,0.13,0,0.25
10/7/2021,0.13,0,0.25
10/8/2021,0.13,0,0.25
10/9/2021,0.13,0,0.25
10/10/2021,0.13,0,0.25
10/11/2021,0.13,0,0.25
10/12/2021,0.13,0,0.25
10/13/2021,0.13,0,0.25
10/14/2021,0.13,0,0.25
10/15/2021,0.13,0,0.25
10/16/2021,0.13,0,0.25
10/17/2021,0.13,0,0.25
10/18/2021,0.13,0,0.25
10/19/2021,0.13,0,0.25
10/20/2021,0.13,0,0.25
10/21/2021,0.13,0,0.25
10/22/2021,0.13,0,0.25
10/23/2021,0.13,0,0.25
10/24/2021,0.13,0,0.25
10/25/2021,0.13,0,0.25
10/26/2021,0.13,0,0.25
10/27/2021,0.13,0,0.25
10/28/2021,0.13,0,0.25
10/29/2021,0.13,0,0.25
10/30/2021,0.13,0,0.25
10/31/2021,0.13,0,0.25
11/1/2021,0.13,0,0.25
11/2/2021,0.13,0,0.25
11/3/2021,0.13,0,0.25
11/4/2021,0.13,0,0.25
11/5/2021,0.13,0,0.25
11/6/2021,0.13,0,0.25
11/7/2021,0.13,0,0.25
11/8/2021,0.13,0,0.25
11/9/2021,0.13,0,0.25
11/10/2021,0.13,0,0.25
11/11/2021,0.13,0,0.25
11/12/2021,0.13,0,0.25
11/13/2021,0.13,0,0.25
11/14/2021,0.13,0,0.25
11/15/2021,0.13,0,0.25
11/16/2021,0.13,0,0.25
11/17/2021,0.13,0,0.25
11/18/2021,0.13,0,0.25
11/19/2021,0.13,0,0.25
11/20/2021,0.13,0,0.25
11/21/2021,0.13,0,0.25
11/22/2021,0.13,0,0.25
11/23/2021,0.13,0,0.25
11/24/2021,0.13,0,0.25
11/25/2021,0.13,0,0.25
11/26/2021,0.13,0,0.25
11/27/2021,0.13,0,0.25
11/28/2021,0.13,0,0.25
11/29/2021,0.13,0,0.25
11/30/2021,0.13,0,0.25
12/1/2021,0.13,0,0.25
12/2/2021,0.13,0,0.25
12/3/2021,0.13,0,0.25
12/4/2021,0.13,0,0.25
12/5/2021,0.13,0,0.25
12/6/2021,0.13,0,0.25
12/7/2021,0.13,0,0.25
12/8/2021,0.13,0,0.25
12/9/2021,0.13,0,0.25
12/10/2021,0.13,0,0.25
12/11/2021,0.13,0,0.25
12/12/2021,0.13,0,0.25
12/13/2021,0.13,0,0.25
12/14/2021,0.13,0,0.25
12/15/2021,0.13,0,0.25
12/16/2021,0.13,0,0.25
12/17/2021,0.13,0,0.25
12/18/2021,0.13,0,0.25
12/19/2021,0.13,0,0.25
12/20/2021,0.13,0,0.25
12/21/2021,0.13,0,0.25
12/22/2021,0.13,0,0.25
12/23/2021,0.13,0,0.25
12/24/2021,0.13,0,0.25
12/25/2021,0.13,0,0.25
12/26/2021,0.13,0,0.25
12/27/2021,0.13,0,0.25
12/28/2021,0.13,0,0.25
12/29/2021,0.13,0,0.25
12/30/2021,0.13,0,0.25
12/31/2021,0.13,0,0.25
1/1/2022,0.13,0,0.25
1/2/2022,0.13,0,0.25
1/3/2022,0.13,0,0.25
1/4/2022,0.13,0,0.25
1/5/2022,0.13,0,0.25
1/6/2022,0.13,0,0.25
1/7/2022,0.13,0,0.25
1/8/2022,0.13,0,0.25
1/9/2022,0.13,0,0.25
1/10/2022,0.13,0,0.25
1/11/2022,0.13,0,0.25
1/12/2022,0.13,0,0.25
1/13/2022,0.13,0,0.25
1/14/2022,0.13,0,0.25
1/15/2022,0.13,0,0.25
1/16/2022,0.13,0,0.25
1/17/2022,0.13,0,0.25
1/18/2022,0.13,0,0.25
1/19/2022,0.13,0,0.25
1/20/2022,0.13,0,0.25
1/21/2022,0.13,0,0.25
1/22/2022,0.13,0,0.25
1/23/2022,0.13,0,0.25
1/24/2022,0.13,0,0.25
1/25/2022,0.13,0,0.25
1/26/2022,0.13,0,0.25
1/27/2022,0.13,0,0.25
1/28/2022,0.13,0,0.25
1/29/2022,0.13,0,0.25
1/30/2022,0.13,0,0.25
1/31/2022,0.13,0,0.25
2/1/2022,0.13,0,0.25
2/2/2022,0.13,0,0.25
2/3/2022,0.13,0,0.25
2/4/2022,0.13,0,0.25
2/5/2022,0.13,0,0.25
2/6/2022,0.13,0,0.25
2/7/2022,0.13,0,0.25
2/8/2022,0.13,0,0.25
2/9/2022,0.13,0,0.25
2/10/2022,0.13,0,0.25
2/11/2022,0.13,0,0.25
2/12/2022,0.13,0,0.25
2/13/2022,0.13,0,0.25
2/14/2022,0.13,0,0.25
2/15/2022,0.13,0,0.25
2/16/2022,0.13,0,0.25
2/17/2022,0.13,0,0.25
2/18/2022,0.13,0,0.25
2/19/2022,0.13,0,0.25
2/20/2022,0.13,0,0.25
2/21/2022,0.13,0,0.25
2/22/2022,0.13,0,0.25
2/23/2022,0.13,0,0.25
2/24/2022,0.13,0,0.25
2/25/2022,0.13,0,0.25
2/26/2022,0.13,0,0.25
2/27/2022,0.13,0,0.25
2/28/2022,0.13,0,0.25
3/1/2022,0.13,0,0.25
3/2/2022,0.13,0,0.25
3/3/2022,0.13,0,0.25
3/4/2022,0.13,0,0.25
3/5/2022,0.13,0,0.25
3/6/2022,0.13,0,0.25
3/7/2022,0.13,0,0.25
3/8/2022,0.13,0,0.25
3/9/2022,0.13,0,0.25
3/10/2022,0.13,0,0.25
3/11/2022,0.13,0,0.25
3/12/2022,0.13,0,0.25
3/13/2022,0.13,0,0.25
3/14/2022,0.13,0,0.25
3/15/2022,0.13,0,0.25
3/16/2022,0.13,0,0.25
3/17/2022,0.38,0.25,0.5
3/18/2022,0.38,0.25,0.5
3/19/2022,0.38,0.25,0.5
3/20/2022,0.38,0.25,0.5
3/21/2022,0.38,0.25,0.5
3/22/2022,0.38,0.25,0.5
3/23/2022,0.38,0.25,0.5
3/24/2022,0.38,0.25,0.5
3/25/2022,0.38,0.25,0.5
3/26/2022,0.38,0.25,0.5
3/27/2022,0.38,0.25,0.5
3/28/2022,0.38,0.25,0.5
3/29/2022,0.38,0.25,0.5
3/30/2022,0.38,0.25,0.5
3/31/2022,0.38,0.25,0.5
4/1/2022,0.38,0.25,0.5
4/2/2022,0.38,0.25,0.5
4/3/2022,0.38,0.25,0.5
4/4/2022,0.38,0.25,0.5
4/5/2022,0.38,0.25,0.5
4/6/2022,0.38,0.25,0.5
4/7/2022,0.38,0.25,0.5
4/8/2022,0.38,0.25,0.5
4/9/2022,0.38,0.25,0.5
4/10/2022,0.38,0.25,0.5
4/11/2022,0.38,0.25,0.5
4/12/2022,0.38,0.25,0.5
4/13/2022,0.38,0.25,0.5
4/14/2022,0.38,0.25,0.5
4/15/2022,0.38,0.25,0.5
4/16/2022,0.38,0.25,0.5
4/17/2022,0.38,0.25,0.5
4/18/2022,0.38,0.25,0.5
4/19/2022,0.38,0.25,0.5
4/20/2022,0.38,0.25,0.5
4/21/2022,0.38,0.25,0.5
4/22/2022,0.38,0.25,0.5
4/23/2022,0.38,0.25,0.5
4/24/2022,0.38,0.25,0.5
4/25/2022,0.38,0.25,0.5
4/26/2022,0.38,0.25,0.5
4/27/2022,0.38,0.25,0.5
4/28/2022,0.38,0.25,0.5
4/29/2022,0.38,0.25,0.5
4/30/2022,0.38,0.25,0.5
5/1/2022,0.38,0.25,0.5
5/2/2022,0.38,0.25,0.5
5/3/2022,0.38,0.25,0.5
5/4/2022,0.38,0.25,0.5
5/5/2022,0.88,0.75,1
5/6/2022,0.88,0.75,1
5/7/2022,0.88,0.75,1
5/8/2022,0.88,0.75,1
5/9/2022,0.88,0.75,1
5/10/2022,0.88,0.75,1
5/11/2022,0.88,0.75,1
5/12/2022,0.88,0.75,1
5/13/2022,0.88,0.75,1
5/14/2022,0.88,0.75,1
5/15/2022,0.88,0.75,1
5/16/2022,0.88,0.75,1
5/17/2022,0.88,0.75,1
5/18/2022,0.88,0.75,1
5/19/2022,0.88,0.75,1
5/20/2022,0.88,0.75,1
5/21/2022,0.88,0.75,1
5/22/2022,0.88,0.75,1
5/23/2022,0.88,0.75,1
5/24/2022,0.88,0.75,1
5/25/2022,0.88,0.75,1
5/26/2022,0.88,0.75,1
5/27/2022,0.88,0.75,1
5/28/2022,0.88,0.75,1
5/29/2022,0.88,0.75,1
5/30/2022,0.88,0.75,1
5/31/2022,0.88,0.75,1
6/1/2022,0.88,0.75,1
6/2/2022,0.88,0.75,1
6/3/2022,0.88,0.75,1
6/4/2022,0.88,0.75,1
6/5/2022,0.88,0.75,1
6/6/2022,0.88,0.75,1
6/7/2022,0.88,0.75,1
6/8/2022,0.88,0.75,1
6/9/2022,0.88,0.75,1
6/10/2022,0.88,0.75,1
6/11/2022,0.88,0.75,1
6/12/2022,0.88,0.75,1
6/13/2022,0.88,0.75,1
6/14/2022,0.88,0.75,1
6/15/2022,0.88,0.75,1
6/16/2022,1.63,1.5,1.75
6/17/2022,1.63,1.5,1.75
6/18/2022,1.63,1.5,1.75
6/19/2022,1.63,1.5,1.75
6/20/2022,1.63,1.5,1.75
6/21/2022,1.63,1.5,1.75
6/22/2022,1.63,1.5,1.75
6/23/2022,1.63,1.5,1.75
6/24/2022,1.63,1.5,1.75
6/25/2022,1.63,1.5,1.75
6/26/2022,1.63,1.5,1.75
6/27/2022,1.63,1.5,1.75
6/28/2022,1.63,1.5,1.75
6/29/2022,1.63,1.5,1.75
6/30/2022,1.63,1.5,1.75
7/1/2022,1.63,1.5,1.75
7/2/2022,1.63,1.5,1.75
7/3/2022,1.63,1.5,1.75
7/4/2022,1.63,1.5,1.75
7/5/2022,1.63,1.5,1.75
7/6/2022,1.63,1.5,1.75
7/7/2022,1.63,1.5,1.75
7/8/2022,1.63,1.5,1.75
7/9/2022,1.63,1.5,1.75
7/10/2022,1.63,1.5,1.75
7/11/2022,1.63,1.5,1.75
7/12/2022,1.63,1.5,1.75
7/13/2022,1.63,1.5,1.75
7/14/2022,1.63,1.5,1.75
7/15/2022,1.63,1.5,1.75
7/16/2022,1.63,1.5,1.75
7/17/2022,1.63,1.5,1.75
7/18/2022,1.63,1.5,1.75
7/19/2022,1.63,1.5,1.75
7/20/2022,1.63,1.5,1.75
7/21/2022,1.63,1.5,1.75
7/22/2022,1.63,1.5,1.75
7/23/2022,1.63,1.5,1.75
7/24/2022,1.63,1.5,1.75
7/25/2022,1.63,1.5,1.75
7/26/2022,1.63,1.5,1.75
7/27/2022,1.63,1.5,1.75
7/28/2022,2.38,2.25,2.5
7/29/2022,2.38,2.25,2.5
7/30/2022,2.38,2.25,2.5
7/31/2022,2.38,2.25,2.5
8/1/2022,2.38,2.25,2.5
8/2/2022,2.38,2.25,2.5
8/3/2022,2.38,2.25,2.5
8/4/2022,2.38,2.25,2.5
8/5/2022,2.38,2.25,2.5
8/6/2022,2.38,2.25,2.5
8/7/2022,2.38,2.25,2.5
8/8/2022,2.38,2.25,2.5
8/9/2022,2.38,2.25,2.5
8/10/2022,2.38,2.25,2.5
8/11/2022,2.38,2.25,2.5
8/12/2022,2.38,2.25,2.5
8/13/2022,2.38,2.25,2.5
8/14/2022,2.38,2.25,2.5
8/15/2022,2.38,2.25,2.5
8/16/2022,2.38,2.25,2.5
8/17/2022,2.38,2.25,2.5
8/18/2022,2.38,2.25,2.5
8/19/2022,2.38,2.25,2.5
8/20/2022,2.38,2.25,2.5
8/21/2022,2.38,2.25,2.5
8/22/2022,2.38,2.25,2.5
8/23/2022,2.38,2.25,2.5
8/24/2022,2.38,2.25,2.5
8/25/2022,2.38,2.25,2.5
8/26/2022,2.38,2.25,2.5
8/27/2022,2.38,2.25,2.5
8/28/2022,2.38,2.25,2.5
8/29/2022,2.38,2.25,2.5
8/30/2022,2.38,2.25,2.5
8/31/2022,2.38,2.25,2.5
9/1/2022,2.38,2.25,2.5
9/2/2022,2.38,2.25,2.5
9/3/2022,2.38,2.25,2.5
9/4/2022,2.38,2.25,2.5
9/5/2022,2.38,2.25,2.5
9/6/2022,2.38,2.25,2.5
9/7/2022,2.38,2.25,2.5
9/8/2022,2.38,2.25,2.5
9/9/2022,2.38,2.25,2.5
9/10/2022,2.38,2.25,2.5
9/11/2022,2.38,2.25,2.5
9/12/2022,2.38,2.25,2.5
9/13/2022,2.38,2.25,2.5
9/14/2022,2.38,2.25,2.5
9/15/2022,2.38,2.25,2.5
9/16/2022,2.38,2.25,2.5
9/17/2022,2.38,2.25,2.5
9/18/2022,2.38,2.25,2.5
9/19/2022,2.38,2.25,2.5
9/20/2022,2.38,2.25,2.5
9/21/2022,2.38,2.25,2.5
9/22/2022,3.13,3,3.25
9/23/2022,3.13,3,3.25
9/24/2022,3.13,3,3.25
9/25/2022,3.13,3,3.25
9/26/2022,3.13,3,3.25
9/27/2022,3.13,3,3.25
9/28/2022,3.13,3,3.25
9/29/2022,3.13,3,3.25
9/30/2022,3.13,3,3.25
10/1/2022,3.13,3,3.25
10/2/2022,3.13,3,3.25
10/3/2022,3.13,3,3.25
10/4/2022,3.13,3,3.25
10/5/2022,3.13,3,3.25
10/6/2022,3.13,3,3.25
10/7/2022,3.13,3,3.25
10/8/2022,3.13,3,3.25
10/9/2022,3.13,3,3.25
10/10/2022,3.13,3,3.25
10/11/2022,3.13,3,3.25
10/12/2022,3.13,3,3.25
10/13/2022,3.13,3,3.25
10/14/2022,3.13,3,3.25
10/15/2022,3.13,3,3.25
10/16/2022,3.13,3,3.25
10/17/2022,3.13,3,3.25
10/18/2022,3.13,3,3.25
10/19/2022,3.13,3,3.25
10/20/2022,3.13,3,3.25
10/21/2022,3.13,3,3.25
10/22/2022,3.13,3,3.25
10/23/2022,3.13,3,3.25
10/24/2022,3.13,3,3.25
10/25/2022,3.13,3,3.25
10/26/2022,3.13,3,3.25
10/27/2022,3.13,3,3.25
10/28/2022,3.13,3,3.25
10/29/2022,3.13,3,3.25
10/30/2022,3.13,3,3.25
10/31/2022,3.13,3,3.25
11/1/2022,3.13,3,3.25
11/2/2022,3.13,3,3.25
11/3/2022,3.88,3.75,4
11/4/2022,3.88,3.75,4
11/5/2022,3.88,3.75,4
11/6/2022,3.88,3.75,4
11/7/2022,3.88,3.75,4
11/8/2022,3.88,3.75,4
11/9/2022,3.88,3.75,4
11/10/2022,3.88,3.75,4
11/11/2022,3.88,3.75,4
11/12/2022,3.88,3.75,4
11/13/2022,3.88,3.75,4
11/14/2022,3.88,3.75,4
11/15/2022,3.88,3.75,4
11/16/2022,3.88,3.75,4
11/17/2022,3.88,3.75,4
11/18/2022,3.88,3.75,4
11/19/2022,3.88,3.75,4
11/20/2022,3.88,3.75,4
11/21/2022,3.88,3.75,4
11/22/2022,3.88,3.75,4
11/23/2022,3.88,3.75,4
11/24/2022,3.88,3.75,4
11/25/2022,3.88,3.75,4
11/26/2022,3.88,3.75,4
11/27/2022,3.88,3.75,4
11/28/2022,3.88,3.75,4
11/29/2022,3.88,3.75,4
11/30/2022,3.88,3.75,4
12/1/2022,3.88,3.75,4
12/2/2022,3.88,3.75,4
12/3/2022,3.88,3.75,4
12/4/2022,3.88,3.75,4
12/5/2022,3.88,3.75,4
12/6/2022,3.88,3.75,4
12/7/2022,3.88,3.75,4
12/8/2022,3.88,3.75,4
12/9/2022,3.88,3.75,4
12/10/2022,3.88,3.75,4
12/11/2022,3.88,3.75,4
12/12/2022,3.88,3.75,4
12/13/2022,3.88,3.75,4
12/14/2022,3.88,3.75,4
12/15/2022,4.38,4.25,4.5
12/16/2022,4.38,4.25,4.5
12/17/2022,4.38,4.25,4.5
12/18/2022,4.38,4.25,4.5
12/19/2022,4.38,4.25,4.5
12/20/2022,4.38,4.25,4.5
12/21/2022,4.38,4.25,4.5
12/22/2022,4.38,4.25,4.5
12/23/2022,4.38,4.25,4.5
12/24/2022,4.38,4.25,4.5
12/25/2022,4.38,4.25,4.5
12/26/2022,4.38,4.25,4.5
12/27/2022,4.38,4.25,4.5
12/28/2022,4.38,4.25,4.5
12/29/2022,4.38,4.25,4.5
12/30/2022,4.38,4.25,4.5
12/31/2022,4.38,4.25,4.5
1/1/2023,4.38,4.25,4.5
1/2/2023,4.38,4.25,4.5
1/3/2023,4.38,4.25,4.5
1/4/2023,4.38,4.25,4.5
1/5/2023,4.38,4.25,4.5
1/6/2023,4.38,4.25,4.5
1/7/2023,4.38,4.25,4.5
1/8/2023,4.38,4.25,4.5
1/9/2023,4.38,4.25,4.5
1/10/2023,4.38,4.25,4.5
1/11/2023,4.38,4.25,4.5
1/12/2023,4.38,4.25,4.5
1/13/2023,4.38,4.25,4.5
1/14/2023,4.38,4.25,4.5
1/15/2023,4.38,4.25,4.5
1/16/2023,4.38,4.25,4.5
1/17/2023,4.38,4.25,4.5
1/18/2023,4.38,4.25,4.5
1/19/2023,4.38,4.25,4.5
1/20/2023,4.38,4.25,4.5
1/21/2023,4.38,4.25,4.5
1/22/2023,4.38,4.25,4.5
1/23/2023,4.38,4.25,4.5
1/24/2023,4.38,4.25,4.5
1/25/2023,4.38,4.25,4.5
1/26/2023,4.38,4.25,4.5
1/27/2023,4.38,4.25,4.5
1/28/2023,4.38,4.25,4.5
1/29/2023,4.38,4.25,4.5
1/30/2023,4.38,4.25,4.5
1/31/2023,4.38,4.25,4.5
2/1/2023,4.38,4.25,4.5
2/2/2023,4.63,4.5,4.75
2/3/2023,4.63,4.5,4.75
2/4/2023,4.63,4.5,4.75
2/5/2023,4.63,4.5,4.75
2/6/2023,4.63,4.5,4.75
2/7/2023,4.63,4.5,4.75
2/8/2023,4.63,4.5,4.75
2/9/2023,4.63,4.5,4.75
2/10/2023,4.63,4.5,4.75
2/11/2023,4.63,4.5,4.75
2/12/2023,4.63,4.5,4.75
2/13/2023,4.63,4.5,4.75
2/14/2023,4.63,4.5,4.75
2/15/2023,4.63,4.5,4.75
2/16/2023,4.63,4.5,4.75
2/17/2023,4.63,4.5,4.75
2/18/2023,4.63,4.5,4.75
2/19/2023,4.63,4.5,4.75
2/20/2023,4.63,4.5,4.75
2/21/2023,4.63,4.5,4.75
2/22/2023,4.63,4.5,4.75
2/23/2023,4.63,4.5,4.75
2/24/2023,4.63,4.5,4.75
2/25/2023,4.63,4.5,4.75
2/26/2023,4.63,4.5,4.75
2/27/2023,4.63,4.5,4.75
2/28/2023,4.63,4.5,4.75
3/1/2023,4.63,4.5,4.75
3/2/2023,4.63,4.5,4.75
3/3/2023,4.63,4.5,4.75
3/4/2023,4.63,4.5,4.75
3/5/2023,4.63,4.5,4.75
3/6/2023,4.63,4.5,4.75
3/7/2023,4.63,4.5,4.75
3/8/2023,4.63,4.5,4.75
3/9/2023,4.63,4.5,4.75
3/10/2023,4.63,4.5,4.75
3/11/2023,4.63,4.5,4.75
3/12/2023,4.63,4.5,4.75
3/13/2023,4.63,4.5,4.75
3/14/2023,4.63,4.5,4.75
3/15/2023,4.63,4.5,4.75
3/16/2023,4.63,4.5,4.75
3/17/2023,4.63,4.5,4.75
3/18/2023,4.63,4.5,4.75
3/19/2023,4.63,4.5,4.75
3/20/2023,4.63,4.5,4.75
3/21/2023,4.63,4.5,4.75
3/22/2023,4.63,4.5,4.75
3/23/2023,4.88,4.75,5
3/24/2023,4.88,4.75,5
3/25/2023,4.88,4.75,5
3/26/2023,4.88,4.75,5
3/27/2023,4.88,4.75,5
3/28/2023,4.88,4.75,5
3/29/2023,4.88,4.75,5
3/30/2023,4.88,4.75,5
3/31/2023,4.88,4.75,5
4/1/2023,4.88,4.75,5
4/2/2023,4.88,4.75,5
4/3/2023,4.88,4.75,5
4/4/2023,4.88,4.75,5
4/5/2023,4.88,4.75,5
4/6/2023,4.88,4.75,5
4/7/2023,4.88,4.75,5
4/8/2023,4.88,4.75,5
4/9/2023,4.88,4.75,5
4/10/2023,4.88,4.75,5
4/11/2023,4.88,4.75,5
4/12/2023,4.88,4.75,5
4/13/2023,4.88,4.75,5
4/14/2023,4.88,4.75,5
4/15/2023,4.88,4.75,5
4/16/2023,4.88,4.75,5
4/17/2023,4.88,4.75,5
4/18/2023,4.88,4.75,5
4/19/2023,4.88,4.75,5
4/20/2023,4.88,4.75,5
4/21/2023,4.88,4.75,5
4/22/2023,4.88,4.75,5
4/23/2023,4.88,4.75,5
4/24/2023,4.88,4.75,5
4/25/2023,4.88,4.75,5
4/26/2023,4.88,4.75,5
4/27/2023,4.88,4.75,5
4/28/2023,4.88,4.75,5
4/29/2023,4.88,4.75,5
4/30/2023,4.88,4.75,5
5/1/2023,4.88,4.75,5
5/2/2023,4.88,4.75,5
5/3/2023,4.88,4.75,5
5/4/2023,5.13,5,5.25
5/5/2023,5.13,5,5.25
5/6/2023,5.13,5,5.25
5/7/2023,5.13,5,5.25
5/8/2023,5.13,5,5.25
5/9/2023,5.13,5,5.25
5/10/2023,5.13,5,5.25
5/11/2023,5.13,5,5.25
5/12/2023,5.13,5,5.25
5/13/2023,5.13,5,5.25
5/14/2023,5.13,5,5.25
5/15/2023,5.13,5,5.25
5/16/2023,5.13,5,5.25
5/17/2023,5.13,5,5.25
5/18/2023,5.13,5,5.25
5/19/2023,5.13,5,5.25
5/20/2023,5.13,5,5.25
5/21/2023,5.13,5,5.25
5/22/2023,5.13,5,5.25
5/23/2023,5.13,5,5.25
5/24/2023,5.13,5,5.25
5/25/2023,5.13,5,5.25
5/26/2023,5.13,5,5.25
5/27/2023,5.13,5,5.25
5/28/2023,5.13,5,5.25
5/29/2023,5.13,5,5.25
5/30/2023,5.13,5,5.25
5/31/2023,5.13,5,5.25
6/1/2023,5.13,5,5.25
6/2/2023,5.13,5,5.25
6/3/2023,5.13,5,5.25
6/4/2023,5.13,5,5.25
6/5/2023,5.13,5,5.25
6/6/2023,5.13,5,5.25
6/7/2023,5.13,5,5.25
6/8/2023,5.13,5,5.25
6/9/2023,5.13,5,5.25
6/10/2023,5.13,5,5.25
6/11/2023,5.13,5,5.25
6/12/2023,5.13,5,5.25
6/13/2023,5.13,5,5.25
6/14/2023,5.13,5,5.25
6/15/2023,5.13,5,5.25
6/16/2023,5.13,5,5.25
6/17/2023,5.13,5,5.25
6/18/2023,5.13,5,5.25
6/19/2023,5.13,5,5.25
6/20/2023,5.13,5,5.25
6/21/2023,5.13,5,5.25
6/22/2023,5.13,5,5.25
6/23/2023,5.13,5,5.25
6/24/2023,5.13,5,5.25
6/25/2023,5.13,5,5.25
6/26/2023,5.13,5,5.25
6/27/2023,5.13,5,5.25
6/28/2023,5.13,5,5.25
6/29/2023,5.13,5,5.25
6/30/2023,5.13,5,5.25
7/1/2023,5.13,5,5.25
7/2/2023,5.13,5,5.25
7/3/2023,5.13,5,5.25
7/4/2023,5.13,5,5.25
7/5/2023,5.13,5,5.25
7/6/2023,5.13,5,5.25
7/7/2023,5.13,5,5.25
7/8/2023,5.13,5,5.25
7/9/2023,5.13,5,5.25
7/10/2023,5.13,5,5.25
7/11/2023,5.13,5,5.25
7/12/2023,5.13,5,5.25
7/13/2023,5.13,5,5.25
7/14/2023,5.13,5,5.25
7/15/2023,5.13,5,5.25
7/16/2023,5.13,5,5.25
7/17/2023,5.13,5,5.25
7/18/2023,5.13,5,5.25
7/19/2023,5.13,5,5.25
7/20/2023,5.13,5,5.25
7/21/2023,5.13,5,5.25
7/22/2023,5.13,5,5.25
7/23/2023,5.13,5,5.25
7/24/2023,5.13,5,5.25
7/25/2023,5.13,5,5.25
7/26/2023,5.13,5,5.25
7/27/2023,5.38,5.25,5.5
7/28/2023,5.38,5.25,5.5
7/29/2023,5.38,5.25,5.5
7/30/2023,5.38,5.25,5.5
7/31/2023,5.38,5.25,5.5
8/1/2023,5.38,5.25,5.5
8/2/2023,5.38,5.25,5.5
8/3/2023,5.38,5.25,5.5
8/4/2023,5.38,5.25,5.5
8/5/2023,5.38,5.25,5.5
8/6/2023,5.38,5.25,5.5
8/7/2023,5.38,5.25,5.5
8/8/2023,5.38,5.25,5.5
8/9/2023,5.38,5.25,5.5
8/10/2023,5.38,5.25,5.5
8/11/2023,5.38,5.25,5.5
8/12/2023,5.38,5.25,5.5
8/13/2023,5.38,5.25,5.5
8/14/2023,5.38,5.25,5.5
8/15/2023,5.38,5.25,5.5
8/16/2023,5.38,5.25,5.5
8/17/2023,5.38,5.25,5.5
8/18/2023,5.38,5.25,5.5
8/19/2023,5.38,5.25,5.5
8/20/2023,5.38,5.25,5.5
8/21/2023,5.38,5.25,5.5
8/22/2023,5.38,5.25,5.5
8/23/2023,5.38,5.25,5.5
8/24/2023,5.38,5.25,5.5
8/25/2023,5.38,5.25,5.5
8/26/2023,5.38,5.25,5.5
8/27/2023,5.38,5.25,5.5
8/28/2023,5.38,5.25,5.5
8/29/2023,5.38,5.25,5.5
8/30/2023,5.38,5.25,5.5
8/31/2023,5.38,5.25,5.5
9/1/2023,5.38,5.25,5.5
9/2/2023,5.38,5.25,5.5
9/3/2023,5.38,5.25,5.5
9/4/2023,5.38,5.25,5.5
9/5/2023,5.38,5.25,5.5
9/6/2023,5.38,5.25,5.5
9/7/2023,5.38,5.25,5.5
9/8/2023,5.38,5.25,5.5
9/9/2023,5.38,5.25,5.5
9/10/2023,5.38,5.25,5.5
9/11/2023,5.38,5.25,5.5
9/12/2023,5.38,5.25,5.5
9/13/2023,5.38,5.25,5.5
9/14/2023,5.38,5.25,5.5
9/15/2023,5.38,5.25,5.5
9/16/2023,5.38,5.25,5.5
9/17/2023,5.38,5.25,5.5
9/18/2023,5.38,5.25,5.5
9/19/2023,5.38,5.25,5.5
9/20/2023,5.38,5.25,5.5
9/21/2023,5.38,5.25,5.5
9/22/2023,5.38,5.25,5.5
9/23/2023,5.38,5.25,5.5
9/24/2023,5.38,5.25,5.5
9/25/2023,5.38,5.25,5.5
9/26/2023,5.38,5.25,5.5
9/27/2023,5.38,5.25,5.5
9/28/2023,5.38,5.25,5.5
9/29/2023,5.38,5.25,5.5
9/30/2023,5.38,5.25,5.5
10/1/2023,5.38,5.25,5.5
10/2/2023,5.38,5.25,5.5
10/3/2023,5.38,5.25,5.5
10/4/2023,5.38,5.25,5.5
10/5/2023,5.38,5.25,5.5
10/6/2023,5.38,5.25,5.5
10/7/2023,5.38,5.25,5.5
10/8/2023,5.38,5.25,5.5
10/9/2023,5.38,5.25,5.5
10/10/2023,5.38,5.25,5.5
10/11/2023,5.38,5.25,5.5
10/12/2023,5.38,5.25,5.5
10/13/2023,5.38,5.25,5.5
10/14/2023,5.38,5.25,5.5
10/15/2023,5.38,5.25,5.5
10/16/2023,5.38,5.25,5.5
10/17/2023,5.38,5.25,5.5
10/18/2023,5.38,5.25,5.5
10/19/2023,5.38,5.25,5.5
10/20/2023,5.38,5.25,5.5
10/21/2023,5.38,5.25,5.5
10/22/2023,5.38,5.25,5.5
10/23/2023,5.38,5.25,5.5
10/24/2023,5.38,5.25,5.5
10/25/2023,5.38,5.25,5.5
10/26/2023,5.38,5.25,5.5
10/27/2023,5.38,5.25,5.5
10/28/2023,5.38,5.25,5.5
10/29/2023,5.38,5.25,5.5
10/30/2023,5.38,5.25,5.5
10/31/2023,5.38,5.25,5.5
11/1/2023,5.38,5.25,5.5
11/2/2023,5.38,5.25,5.5
11/3/2023,5.38,5.25,5.5
11/4/2023,5.38,5.25,5.5
11/5/2023,5.38,5.25,5.5
11/6/2023,5.38,5.25,5.5
11/7/2023,5.38,5.25,5.5
11/8/2023,5.38,5.25,5.5
11/9/2023,5.38,5.25,5.5
11/10/2023,5.38,5.25,5.5
11/11/2023,5.38,5.25,5.5
11/12/2023,5.38,5.25,5.5
11/13/2023,5.38,5.25,5.5
11/14/2023,5.38,5.25,5.5
11/15/2023,5.38,5.25,5.5
11/16/2023,5.38,5.25,5.5
11/17/2023,5.38,5.25,5.5
11/18/2023,5.38,5.25,5.5
11/19/2023,5.38,5.25,5.5
11/20/2023,5.38,5.25,5.5
11/21/2023,5.38,5.25,5.5
11/22/2023,5.38,5.25,5.5
11/23/2023,5.38,5.25,5.5
11/24/2023,5.38,5.25,5.5
11/25/2023,5.38,5.25,5.5
11/26/2023,5.38,5.25,5.5
11/27/2023,5.38,5.25,5.5
11/28/2023,5.38,5.25,5.5
11/29/2023,5.38,5.25,5.5
11/30/2023,5.38,5.25,5.5
12/1/2023,5.38,5.25,5.5
12/2/2023,5.38,5.25,5.5
12/3/2023,5.38,5.25,5.5
12/4/2023,5.38,5.25,5.5
12/5/2023,5.38,5.25,5.5
12/6/2023,5.38,5.25,5.5
12/7/2023,5.38,5.25,5.5
12/8/2023,5.38,5.25,5.5
12/9/2023,5.38,5.25,5.5
12/10/2023,5.38,5.25,5.5
12/11/2023,5.38,5.25,5.5
12/12/2023,5.38,5.25,5.5
12/13/2023,5.38,5.25,5.5
12/14/2023,5.38,5.25,5.5
12/15/2023,5.38,5.25,5.5
12/16/2023,5.38,5.25,5.5
12/17/2023,5.38,5.25,5.5
12/18/2023,5.38,5.25,5.5
12/19/2023,5.38,5.25,5.5
12/20/2023,5.38,5.25,5.5
12/21/2023,5.38,5.25,5.5
12/22/2023,5.38,5.25,5.5
12/23/2023,5.38,5.25,5.5
12/24/2023,5.38,5.25,5.5
12/25/2023,5.38,5.25,5.5
12/26/2023,5.38,5.25,5.5
12/27/2023,5.38,5.25,5.5
12/28/2023,5.38,5.25,5.5
12/29/2023,5.38,5.25,5.5
12/30/2023,5.38,5.25,5.5
12/31/2023,5.38,5.25,5.5
1/1/2024,5.38,5.25,5.5
1/2/2024,5.38,5.25,5.5
1/3/2024,5.38,5.25,5.5
1/4/2024,5.38,5.25,5.5
1/5/2024,5.38,5.25,5.5
1/6/2024,5.38,5.25,5.5
1/7/2024,5.38,5.25,5.5
1/8/2024,5.38,5.25,5.5
1/9/2024,5.38,5.25,5.5
1/10/2024,5.38,5.25,5.5
1/11/2024,5.38,5.25,5.5
1/12/2024,5.38,5.25,5.5
1/13/2024,5.38,5.25,5.5
1/14/2024,5.38,5.25,5.5
1/15/2024,5.38,5.25,5.5
1/16/2024,5.38,5.25,5.5
1/17/2024,5.38,5.25,5.5
1/18/2024,5.38,5.25,5.5
1/19/2024,5.38,5.25,5.5
1/20/2024,5.38,5.25,5.5
1/21/2024,5.38,5.25,5.5
1/22/2024,5.38,5.25,5.5
1/23/2024,5.38,5.25,5.5
1/24/2024,5.38,5.25,5.5
1/25/2024,5.38,5.25,5.5
1/26/2024,5.38,5.25,5.5
1/27/2024,5.38,5.25,5.5
1/28/2024,5.38,5.25,5.5
1/29/2024,5.38,5.25,5.5
1/30/2024,5.38,5.25,5.5
1/31/2024,5.38,5.25,5.5
2/1/2024,5.38,5.25,5.5
2/2/2024,5.38,5.25,5.5
2/3/2024,5.38,5.25,5.5
2/4/2024,5.38,5.25,5.5
2/5/2024,5.38,5.25,5.5
2/6/2024,5.38,5.25,5.5
2/7/2024,5.38,5.25,5.5
2/8/2024,5.38,5.25,5.5
2/9/2024,5.38,5.25,5.5
2/10/2024,5.38,5.25,5.5
2/11/2024,5.38,5.25,5.5
2/12/2024,5.38,5.25,5.5
2/13/2024,5.38,5.25,5.5
2/14/2024,5.38,5.25,5.5
2/15/2024,5.38,5.25,5.5
2/16/2024,5.38,5.25,5.5
2/17/2024,5.38,5.25,5.5
2/18/2024,5.38,5.25,5.5
2/19/2024,5.38,5.25,5.5
2/20/2024,5.38,5.25,5.5
2/21/2024,5.38,5.25,5.5
2/22/2024,5.38,5.25,5.5
2/23/2024,5.38,5.25,5.5
2/24/2024,5.38,5.25,5.5
2/25/2024,5.38,5.25,5.5
2/26/2024,5.38,5.25,5.5
2/27/2024,5.38,5.25,5.5
2/28/2024,5.38,5.25,5.5
2/29/2024,5.38,5.25,5.5
3/1/2024,5.38,5.25,5.5
3/2/2024,5.38,5.25,5.5
3/3/2024,5.38,5.25,5.5
3/4/2024,5.38,5.25,5.5
3/5/2024,5.38,5.25,5.5
3/6/2024,5.38,5.25,5.5
3/7/2024,5.38,5.25,5.5
3/8/2024,5.38,5.25,5.5
3/9/2024,5.38,5.25,5.5
3/10/2024,5.38,5.25,5.5
3/11/2024,5.38,5.25,5.5
3/12/2024,5.38,5.25,5.5
3/13/2024,5.38,5.25,5.5
3/14/2024,5.38,5.25,5.5
3/15/2024,5.38,5.25,5.5
3/16/2024,5.38,5.25,5.5
3/17/2024,5.38,5.25,5.5
3/18/2024,5.38,5.25,5.5
3/19/2024,5.38,5.25,5.5
3/20/2024,5.38,5.25,5.5
3/21/2024,5.38,5.25,5.5
3/22/2024,5.38,5.25,5.5
3/23/2024,5.38,5.25,5.5
3/24/2024,5.38,5.25,5.5
3/25/2024,5.38,5.25,5.5
3/26/2024,5.38,5.25,5.5
3/27/2024,5.38,5.25,5.5
3/28/2024,5.38,5.25,5.5
3/29/2024,5.38,5.25,5.5
3/30/2024,5.38,5.25,5.5
3/31/2024,5.38,5.25,5.5
4/1/2024,5.38,5.25,5.5
4/2/2024,5.38,5.25,5.5
4/3/2024,5.38,5.25,5.5
4/4/2024,5.38,5.25,5.5
4/5/2024,5.38,5.25,5.5
4/6/2024,5.38,5.25,5.5
4/7/2024,5.38,5.25,5.5
4/8/2024,5.38,5.25,5.5
4/9/2024,5.38,5.25,5.5
4/10/2024,5.38,5.25,5.5
4/11/2024,5.38,5.25,5.5
4/12/2024,5.38,5.25,5.5
4/13/2024,5.38,5.25,5.5
4/14/2024,5.38,5.25,5.5
4/15/2024,5.38,5.25,5.5
4/16/2024,5.38,5.25,5.5
4/17/2024,5.38,5.25,5.5
4/18/2024,5.38,5.25,5.5
4/19/2024,5.38,5.25,5.5
4/20/2024,5.38,5.25,5.5
4/21/2024,5.38,5.25,5.5
4/22/2024,5.38,5.25,5.5
4/23/2024,5.38,5.25,5.5
4/24/2024,5.38,5.25,5.5
4/25/2024,5.38,5.25,5.5
4/26/2024,5.38,5.25,5.5
4/27/2024,5.38,5.25,5.5
4/28/2024,5.38,5.25,5.5
4/29/2024,5.38,5.25,5.5
4/30/2024,5.38,5.25,5.5
5/1/2024,5.38,5.25,5.5
5/2/2024,5.38,5.25,5.5
5/3/2024,5.38,5.25,5.5
5/4/2024,5.38,5.25,5.5
5/5/2024,5.38,5.25,5.5
5/6/2024,5.38,5.25,5.5
5/7/2024,5.38,5.25,5.5
5/8/2024,5.38,5.25,5.5
5/9/2024,5.38,5.25,5.5
5/10/2024,5.38,5.25,5.5
5/11/2024,5.38,5.25,5.5
5/12/2024,5.38,5.25,5.5
5/13/2024,5.38,5.25,5.5
5/14/2024,5.38,5.25,5.5
5/15/2024,5.38,5.25,5.5
5/16/2024,5.38,5.25,5.5
5/17/2024,5.38,5.25,5.5
5/18/2024,5.38,5.25,5.5
5/19/2024,5.38,5.25,5.5
5/20/2024,5.38,5.25,5.5
5/21/2024,5.38,5.25,5.5
5/22/2024,5.38,5.25,5.5
5/23/2024,5.38,5.25,5.5
5/24/2024,5.38,5.25,5.5
5/25/2024,5.38,5.25,5.5
5/26/2024,5.38,5.25,5.5
5/27/2024,5.38,5.25,5.5
5/28/2024,5.38,5.25,5.5
5/29/2024,5.38,5.25,5.5
5/30/2024,5.38,5.25,5.5
5/31/2024,5.38,5.25,5.5
6/1/2024,5.38,5.25,5.5
6/2/2024,5.38,5.25,5.5
6/3/2024,5.38,5.25,5.5
6/4/2024,5.38,5.25,5.5
6/5/2024,5.38,5.25,5.5
6/6/2024,5.38,5.25,5.5
6/7/2024,5.38,5.25,5.5
6/8/2024,5.38,5.25,5.5
6/9/2024,5.38,5.25,5.5
6/10/2024,5.38,5.25,5.5
6/11/2024,5.38,5.25,5.5
6/12/2024,5.38,5.25,5.5
6/13/2024,5.38,5.25,5.5
6/14/2024,5.38,5.25,5.5
6/15/2024,5.38,5.25,5.5
6/16/2024,5.38,5.25,5.5
6/17/2024,5.38,5.25,5.5
6/18/2024,5.38,5.25,5.5
6/19/2024,5.38,5.25,5.5
6/20/2024,5.38,5.25,5.5
6/21/2024,5.38,5.25,5.5
6/22/2024,5.38,5.25,5.5
6/23/2024,5.38,5.25,5.5
6/24/2024,5.38,5.25,5.5
6/25/2024,5.38,5.25,5.5
6/26/2024,5.38,5.25,5.5
6/27/2024,5.38,5.25,5.5
6/28/2024,5.38,5.25,5.5
6/29/2024,5.38,5.25,5.5
6/30/2024,5.38,5.25,5.5
7/1/2024,5.38,5.25,5.5
7/2/2024,5.38,5.25,5.5
7/3/2024,5.38,5.25,5.5
7/4/2024,5.38,5.25,5.5
7/5/2024,5.38,5.25,5.5
7/6/2024,5.38,5.25,5.5
7/7/2024,5.38,5.25,5.5
7/8/2024,5.38,5.25,5.5
7/9/2024,5.38,5.25,5.5
7/10/2024,5.38,5.25,5.5
7/11/2024,5.38,5.25,5.5
7/12/2024,5.38,5.25,5.5
7/13/2024,5.38,5.25,5.5
7/14/2024,5.38,5.25,5.5
7/15/2024,5.38,5.25,5.5
7/16/2024,5.38,5.25,5.5
7/17/2024,5.38,5.25,5.5
7/18/2024,5.38,5.25,5.5
7/19/2024,5.38,5.25,5.5
7/20/2024,5.38,5.25,5.5
7/21/2024,5.38,5.25,5.5
7/22/2024,5.38,5.25,5.5
7/23/2024,5.38,5.25,5.5
7/24/2024,5.38,5.25,5.5
7/25/2024,5.38,5.25,5.5
7/26/2024,5.38,5.25,5.5
7/27/2024,5.38,5.25,5.5
7/28/2024,5.38,5.25,5.5
7/29/2024,5.38,5.25,5.5
7/30/2024,5.38,5.25,5.5
7/31/2024,5.38,5.25,5.5
8/1/2024,5.38,5.25,5.5
8/2/2024,5.38,5.25,5.5
8/3/2024,5.38,5.25,5.5
8/4/2024,5.38,5.25,5.5
8/5/2024,5.38,5.25,5.5
8/6/2024,5.38,5.25,5.5
8/7/2024,5.38,5.25,5.5
8/8/2024,5.38,5.25,5.5
8/9/2024,5.38,5.25,5.5
8/10/2024,5.38,5.25,5.5
8/11/2024,5.38,5.25,5.5
8/12/2024,5.38,5.25,5.5
8/13/2024,5.38,5.25,5.5
8/14/2024,5.38,5.25,5.5
8/15/2024,5.38,5.25,5.5
8/16/2024,5.38,5.25,5.5
8/17/2024,5.38,5.25,5.5
8/18/2024,5.38,5.25,5.5
8/19/2024,5.38,5.25,5.5
8/20/2024,5.38,5.25,5.5
8/21/2024,5.38,5.25,5.5
8/22/2024,5.38,5.25,5.5
8/23/2024,5.38,5.25,5.5
8/24/2024,5.38,5.25,5.5
8/25/2024,5.38,5.25,5.5
8/26/2024,5.38,5.25,5.5
8/27/2024,5.38,5.25,5.5
8/28/2024,5.38,5.25,5.5
8/29/2024,5.38,5.25,5.5
8/30/2024,5.38,5.25,5.5
8/31/2024,5.38,5.25,5.5
9/1/2024,5.38,5.25,5.5
9/2/2024,5.38,5.25,5.5
9/3/2024,5.38,5.25,5.5
9/4/2024,5.38,5.25,5.5
9/5/2024,5.38,5.25,5.5
9/6/2024,5.38,5.25,5.5
9/7/2024,5.38,5.25,5.5
9/8/2024,5.38,5.25,5.5
9/9/2024,5.38,5.25,5.5
9/10/2024,5.38,5.25,5.5
9/11/2024,5.38,5.25,5.5
9/12/2024,5.38,5.25,5.5
9/13/2024,5.38,5.25,5.5
9/14/2024,5.38,5.25,5.5
9/15/2024,5.38,5.25,5.5
9/16/2024,5.38,5.25,5.5
9/17/2024,5.38,5.25,5.5
9/18/2024,5.38,5.25,5.5
9/19/2024,4.88,4.75,5
9/20/2024,4.88,4.75,5
9/21/2024,4.88,4.75,5
9/22/2024,4.88,4.75,5
9/23/2024,4.88,4.75,5
9/24/2024,4.88,4.75,5
9/25/2024,4.88,4.75,5
9/26/2024,4.88,4.75,5
9/27/2024,4.88,4.75,5
9/28/2024,4.88,4.75,5
9/29/2024,4.88,4.75,5
9/30/2024,4.88,4.75,5
10/1/2024,4.88,4.75,5
10/2/2024,4.88,4.75,5
10/3/2024,4.88,4.75,5
10/4/2024,4.88,4.75,5
10/5/2024,4.88,4.75,5
10/6/2024,4.88,4.75,5
10/7/2024,4.88,4.75,5
10/8/2024,4.88,4.75,5
10/9/2024,4.88,4.75,5
10/10/2024,4.88,4.75,5
10/11/2024,4.88,4.75,5
10/12/2024,4.88,4.75,5
10/13/2024,4.88,4.75,5
10/14/2024,4.88,4.75,5
10/15/2024,4.88,4.75,5
10/16/2024,4.88,4.75,5
10/17/2024,4.88,4.75,5
10/18/2024,4.88,4.75,5
10/19/2024,4.88,4.75,5
10/20/2024,4.88,4.75,5
10/21/2024,4.88,4.75,5
10/22/2024,4.88,4.75,5
10/23/2024,4.88,4.75,5
10/24/2024,4.88,4.75,5
10/25/2024,4.88,4.75,5
10/26/2024,4.88,4.75,5
10/27/2024,4.88,4.75,5
10/28/2024,4.88,4.75,5
10/29/2024,4.88,4.75,5
10/30/2024,4.88,4.75,5
10/31/2024,4.88,4.75,5
11/1/2024,4.88,4.75,5
11/2/2024,4.88,4.75,5
11/3/2024,4.88,4.75,5
11/4/2024,4.88,4.75,5
11/5/2024,4.88,4.75,5
11/6/2024,4.88,4.75,5
11/7/2024,4.88,4.75,5
11/8/2024,4.63,4.5,4.75
11/9/2024,4.63,4.5,4.75
11/10/2024,4.63,4.5,4.75
11/11/2024,4.63,4.5,4.75
11/12/2024,4.63,4.5,4.75
11/13/2024,4.63,4.5,4.75
11/14/2024,4.63,4.5,4.75
11/15/2024,4.63,4.5,4.75
11/16/2024,4.63,4.5,4.75
11/17/2024,4.63,4.5,4.75
11/18/2024,4.63,4.5,4.75
11/19/2024,4.63,4.5,4.75
11/20/2024,4.63,4.5,4.75
11/21/2024,4.63,4.5,4.75
11/22/2024,4.63,4.5,4.75
11/23/2024,4.63,4.5,4.75
11/24/2024,4.63,4.5,4.75
11/25/2024,4.63,4.5,4.75
11/26/2024,4.63,4.5,4.75
11/27/2024,4.63,4.5,4.75
11/28/2024,4.63,4.5,4.75
11/29/2024,4.63,4.5,4.75
11/30/2024,4.63,4.5,4.75
12/1/2024,4.63,4.5,4.75
12/2/2024,4.63,4.5,4.75
12/3/2024,4.63,4.5,4.75
12/4/2024,4.63,4.5,4.75
12/5/2024,4.63,4.5,4.75
12/6/2024,4.63,4.5,4.75
12/7/2024,4.63,4.5,4.75
12/8/2024,4.63,4.5,4.75
12/9/2024,4.63,4.5,4.75
12/10/2024,4.63,4.5,4.75
12/11/2024,4.63,4.5,4.75
12/12/2024,4.63,4.5,4.75
12/13/2024,4.63,4.5,4.75
12/14/2024,4.63,4.5,4.75
12/15/2024,4.63,4.5,4.75
12/16/2024,4.63,4.5,4.75
12/17/2024,4.63,4.5,4.75
12/18/2024,4.63,4.5,4.75
12/19/2024,4.38,4.25,4.5
12/20/2024,4.38,4.25,4.5
12/21/2024,4.38,4.25,4.5
12/22/2024,4.38,4.25,4.5
12/23/2024,4.38,4.25,4.5
12/24/2024,4.38,4.25,4.5
12/25/2024,4.38,4.25,4.5
12/26/2024,4.38,4.25,4.5
12/27/2024,4.38,4.25,4.5
12/28/2024,4.38,4.25,4.5
12/29/2024,4.38,4.25,4.5
12/30/2024,4.38,4.25,4.5
12/31/2024,4.38,4.25,4.5
1/1/2025,4.38,4.25,4.5
1/2/2025,4.38,4.25,4.5
1/3/2025,4.38,4.25,4.5
1/4/2025,4.38,4.25,4.5
1/5/2025,4.38,4.25,4.5
1/6/2025,4.38,4.25,4.5
1/7/2025,4.38,4.25,4.5
1/8/2025,4.38,4.25,4.5
1/9/2025,4.38,4.25,4.5
1/10/2025,4.38,4.25,4.5
1/11/2025,4.38,4.25,4.5
1/12/2025,4.38,4.25,4.5
1/13/2025,4.38,4.25,4.5
1/14/2025,4.38,4.25,4.5
1/15/2025,4.38,4.25,4.5
1/16/2025,4.38,4.25,4.5
1/17/2025,4.38,4.25,4.5
1/18/2025,4.38,4.25,4.5
1/19/2025,4.38,4.25,4.5
1/20/2025,4.38,4.25,4.5
1/21/2025,4.38,4.25,4.5
1/22/2025,4.38,4.25,4.5
1/23/2025,4.38,4.25,4.5
1/24/2025,4.38,4.25,4.5
1/25/2025,4.38,4.25,4.5
1/26/2025,4.38,4.25,4.5
1/27/2025,4.38,4.25,4.5
1/28/2025,4.38,4.25,4.5
1/29/2025,4.38,4.25,4.5
1/30/2025,4.38,4.25,4.5
1/31/2025,4.38,4.25,4.5
2/1/2025,4.38,4.25,4.5
2/2/2025,4.38,4.25,4.5
2/3/2025,4.38,4.25,4.5
2/4/2025,4.38,4.25,4.5
2/5/2025,4.38,4.25,4.5
2/6/2025,4.38,4.25,4.5
2/7/2025,4.38,4.25,4.5
2/8/2025,4.38,4.25,4.5
2/9/2025,4.38,4.25,4.5
2/10/2025,4.38,4.25,4.5
2/11/2025,4.38,4.25,4.5
2/12/2025,4.38,4.25,4.5
2/13/2025,4.38,4.25,4.5
2/14/2025,4.38,4.25,4.5
2/15/2025,4.38,4.25,4.5
2/16/2025,4.38,4.25,4.5
2/17/2025,4.38,4.25,4.5
2/18/2025,4.38,4.25,4.5
2/19/2025,4.38,4.25,4.5
2/20/2025,4.38,4.25,4.5
2/21/2025,4.38,4.25,4.5
2/22/2025,4.38,4.25,4.5
2/23/2025,4.38,4.25,4.5
2/24/2025,4.38,4.25,4.5
2/25/2025,4.38,4.25,4.5
2/26/2025,4.38,4.25,4.5
2/27/2025,4.38,4.25,4.5
2/28/2025,4.38,4.25,4.5
3/1/2025,4.38,4.25,4.5
3/2/2025,4.38,4.25,4.5
3/3/2025,4.38,4.25,4.5
3/4/2025,4.38,4.25,4.5
3/5/2025,4.38,4.25,4.5
3/6/2025,4.38,4.25,4.5
3/7/2025,4.38,4.25,4.5
3/8/2025,4.38,4.25,4.5
3/9/2025,4.38,4.25,4.5
3/10/2025,4.38,4.25,4.5
3/11/2025,4.38,4.25,4.5
3/12/2025,4.38,4.25,4.5
3/13/2025,4.38,4.25,4.5
3/14/2025,4.38,4.25,4.5
3/15/2025,4.38,4.25,4.5
3/16/2025,4.38,4.25,4.5
3/17/2025,4.38,4.25,4.5
3/18/2025,4.38,4.25,4.5
3/19/2025,4.38,4.25,4.5
3/20/2025,4.38,4.25,4.5
3/21/2025,4.38,4.25,4.5
3/22/2025,4.38,4.25,4.5
3/23/2025,4.38,4.25,4.5
