Date,FF,CINF1,CINF5,MLU6,FM2,LH,PCU,PCUSLFE,JCBM,JCXFEBM,USPHPIM,GSACPPIC,PZRAW,LANAGRD,LKPRIVA,LEPRIVA,Yield6m,Yield1Y,Yield2Y,Yield10Y,MGDPN
1/1/1998,6.9612,2.7272,3.3893,126256.9619,12921.0917,104165.6013,116.3953,115.2789,104.543,122.6775,71.3279,102.6898,138.9689,133108.8526,127760.2104,21.627,0.6168,2.9306,4.2085,1.9832,25585.6177
1/2/1998,2.6741,4.0175,6.704,137093.5629,7516.8527,98208.3987,61.5648,123.5092,110.6609,92.8391,115.0038,170.2819,64.0368,125672.1741,103897.3421,18.2076,4.6511,6.0876,2.6142,4.8222,14344.421
1/3/1998,5.79,2.7178,4.9638,127660.8694,5587.5541,95522.4018,135.071,119.4298,123.5398,92.1309,281.6573,76.2118,168.8806,127717.311,131194.9084,28.0687,0.5447,0.9923,5.976,1.0979,26923.9247
1/4/1998,5.8608,1.6436,2.8836,154303.2688,8442.4267,101123.8417,119.1282,118.1157,104.8562,128.2847,282.5309,164.6155,112.9004,121018.4077,131621.8768,34.9635,5.5005,5.9102,6.2708,6.5254,21351.8659
1/5/1998,6.8307,6.947,5.7677,129313.4968,10081.8915,80355.17,136.1607,70.8106,69.3865,99.5294,197.9068,107.5518,173.5854,140392.5061,128701.8929,19.9269,6.0895,2.3633,5.4945,2.8561,25154.8775
1/6/1998,0.5406,2.1945,5.7611,127025.5288,16611.4263,84090.1377,116.9977,128.0582,127.9354,113.9343,85.1571,60.7658,110.8597,137298.2895,115901.4528,27.9147,4.2839,0.4351,5.0466,4.7766,23223.6688
1/7/1998,2.2222,2.0593,2.7916,126959.1727,17389.7895,100993.3841,134.135,120.6959,120.7761,136.5915,195.1524,138.2433,124.6725,152553.7705,117146.0017,34.9488,6.3321,3.4247,3.457,1.4211,26068.9983
1/8/1998,6.4369,4.5416,4.7336,160465.4426,7385.1269,94408.5864,80.5218,121.3026,99.4482,129.1269,186.1638,96.5152,163.4026,118347.1594,123948.9151,33.9044,5.7391,3.7257,4.7838,6.186,12075.6403
1/9/1998,4.7311,2.5215,5.9855,136615.3001,6045.5653,84590.7202,99.3585,138.7902,88.7498,86.3742,164.8517,97.8644,164.9937,152546.6631,125888.3191,20.3931,5.9929,5.1606,6.2487,1.8097,21944.8516
1/10/1998,2.0008,2.5917,4.2933,142561.3062,20769.5066,79858.9809,101.7682,79.6161,105.2323,91.1532,325.349,143.1966,116.8339,127652.8483,117901.9299,28.2691,2.6212,2.2559,0.6284,3.7483,28318.8645
1/11/1998,2.7268,2.4136,4.1632,141601.6677,17019.6013,92288.4339,77.9102,84.6478,70.7299,120.0381,91.0323,196.2075,99.0808,142040.0625,99294.0493,29.659,3.5659,0.7014,6.3606,0.534,28605.1517
1/12/1998,1.6115,3.6053,6.1077,125834.5446,10047.5515,90475.1648,112.0067,103.724,94.4613,93.6484,297.6585,118.1852,182.1088,120551.535,116871.3054,30.3926,4.4292,5.0318,4.7869,0.8821,24144.969
1/1/1999,1.1687,1.8325,4.5726,131711.7764,5137.9279,80558.8531,111.6054,100.7214,62.0688,133.4468,147.2424,162.3867,76.1937,156305.4122,102371.7096,24.7821,6.3998,1.2824,1.3335,5.0697,23575.3696
1/2/1999,1.0741,3.2202,6.1925,161129.8572,10469.1351,77794.5987,63.3898,65.7816,87.405,85.6548,275.9984,175.6048,105.4566,116755.7325,115557.9693,14.3227,2.2417,5.1977,0.1911,2.5422,9955.8003
1/3/1999,6.8186,6.4069,5.8296,144165.2871,11361.2463,94255.9738,92.6383,69.303,103.5564,123.3665,168.2991,138.1257,105.3065,118181.0136,115820.3251,28.8418,1.8386,6.2502,6.5146,3.6468,22262.8756
1/4/1999,2.9673,4.4384,5.3158,163613.0499,18322.6417,96228.1488,118.1354,138.4522,119.1645,137.5942,215.0379,91.112,168.2526,126770.5292,97534.1396,19.4097,2.3083,4.5523,3.4068,1.7088,9003.1286
1/5/1999,0.442,3.8549,5.287,139300.4372,21343.0429,88736.8858,100.8062,64.4838,79.3178,80.4127,319.6487,84.9876,179.8277,143735.9601,131421.441,16.7949,4.584,2.6051,2.2953,4.5076,17941.1929
1/6/1999,3.4411,3.4101,2.9695,132440.7266,10561.4981,88385.0111,137.9039,133.1923,96.5798,131.3887,124.8301,130.4748,196.0952,128856.6155,112103.8414,26.7788,5.8682,1.623,1.6486,3.0688,21968.7527
1/7/1999,2.0184,6.7317,5.4782,130663.4154,17965.719,71907.0486,97.0166,63.7614,126.1501,125.5012,283.2651,149.1612,184.1771,139475.2419,122819.0351,19.9289,2.7464,0.5515,3.0729,1.6381,23541.3163
1/8/1999,1.4813,5.248,3.399,127913.9476,13096.9541,67485.023,70.841,112.0215,64.8171,62.8461,254.7608,179.6366,72.5074,129934.0888,134544.6251,25.008,2.0596,3.3483,3.435,5.6978,26908.3029
1/9/1999,1.452,4.5091,4.3613,162970.3423,11290.959,100688.239,126.7871,74.9893,129.4606,68.24,170.3926,160.0098,160.5863,122211.5675,114116.7581,32.5098,1.4735,6.116,3.203,4.0271,21243.0569
1/10/1999,4.0531,5.0799,2.3391,136686.0416,5315.5217,88857.9839,106.7353,128.7904,128.3438,123.998,69.4189,69.2186,144.0877,144190.223,116048.0952,21.523,3.5245,2.6696,4.2405,2.1229,8896.7494
1/11/1999,4.136,5.9994,3.1192,164929.2784,18171.0925,81994.6984,66.6341,110.4159,73.4822,124.317,140.7043,97.3803,60.676,143159.6258,106199.4754,25.981,2.9456,1.4731,2.7247,1.5281,22705.1145
1/12/1999,6.2165,5.6765,5.444,142236.8728,20102.9385,72257.9292,123.4732,130.0487,133.3406,63.0015,323.6634,118.2499,91.6273,148460.3584,109435.1193,29.6734,2.1602,1.651,3.7022,2.0513,19430.3197
1/1/2000,0.7688,6.797,5.7587,132514.2792,17848.7467,73149.736,103.4135,68.2551,135.6834,65.7637,267.1624,123.0048,113.4102,119095.5255,124238.4756,28.2414,3.0886,1.0323,1.5193,4.5578,23008.484
1/2/2000,3.4741,4.8047,4.9189,138023.2349,11436.2065,92037.6027,73.8022,116.9253,112.8609,96.1944,98.7121,110.6818,100.6035,129259.2615,101479.2659,22.9141,6.4804,5.8088,0.7413,5.4017,29144.2053
1/3/2000,2.0309,5.9209,6.4465,131076.9735,5040.2774,96108.5138,116.7238,100.3151,65.3961,65.2933,60.8679,68.2357,91.5358,125981.7246,100753.2328,13.1207,4.8533,0.9223,4.9877,0.8903,23626.552
1/4/2000,3.401,2.474,4.3281,150894.6026,15633.5234,99920.0557,98.9707,125.6679,107.0396,126.555,91.9542,164.7,176.7492,149078.5683,118354.0342,13.8299,2.4435,2.766,4.3722,1.5617,19381.4381
1/5/2000,6.6396,3.354,1.6431,162707.2315,10892.1135,97460.462,80.0618,92.6279,81.4698,116.2819,71.5295,127.6586,76.5966,122957.2641,108754.8446,28.8527,5.4625,6.3112,3.8068,5.919,18805.4181
1/6/2000,6.4856,6.051,6.6946,153549.2451,18480.8441,93623.6376,113.7039,92.032,121.0387,74.3866,167.8736,196.2504,135.6205,142647.7371,107471.5347,19.5319,1.4393,5.5685,1.4265,3.7718,19180.8867
1/7/2000,5.3207,2.4189,3.3848,158347.7568,15396.6579,73823.5303,67.5306,133.8278,119.645,115.5098,91.1609,97.6064,154.5427,117506.0369,105790.2183,16.0417,0.5509,0.9889,4.841,1.1639,23373.6438
1/8/2000,5.4742,3.283,5.2779,142826.0086,21332.6653,75881.697,68.2401,123.0348,77.4079,103.5156,116.8051,75.2733,100.5483,126252.2986,107559.0342,12.7742,3.0463,2.3468,5.7136,5.7413,18483.213
1/9/2000,1.9454,1.9224,1.7137,155868.2998,16857.3003,96421.5967,65.3171,61.6137,89.4517,118.596,133.7921,113.6015,87.3852,148054.9296,117991.4408,18.1364,6.2774,2.6067,5.7985,5.6231,27620.0251
1/10/2000,3.6234,2.2006,4.8394,133261.3609,17931.0723,103655.0482,83.9677,109.5076,69.0224,127.2939,231.2259,178.8347,188.5481,130505.6009,100068.0742,17.4776,1.668,4.2789,4.9268,5.9961,9172.8612
1/11/2000,5.6321,1.5616,3.7689,144147.4714,17382.9996,83034.6419,136.4145,63.3338,90.7012,87.8489,95.6828,121.3313,191.7902,158866.3784,111806.3742,19.195,4.3596,0.0012,2.089,0.5839,14762.468
1/12/2000,5.3621,6.9728,1.4451,125164.461,4846.2717,78041.4125,102.4239,100.4539,94.4263,74.1841,329.6672,157.0456,98.4712,146885.8493,97412.8683,29.4826,5.2283,5.5715,0.4019,1.6233,10839.0541
1/1/2001,4.0156,4.9946,2.7626,132848.5911,8041.1132,87389.2998,116.9195,93.8945,68.9676,98.9934,155.2995,155.3561,89.4621,158401.1218,132931.1524,15.098,4.9663,4.1442,4.9196,1.4004,13239.6276
1/2/2001,5.9599,6.88,3.9718,154219.4059,12318.685,94334.8689,136.4344,71.1547,132.1743,86.6202,165.6891,114.1375,114.3366,130307.1464,105968.7359,31.5125,3.8812,3.1839,3.0535,3.1701,28401.1986
1/3/2001,5.9642,2.787,4.4897,152425.1091,14089.4139,97078.4181,65.4149,126.137,98.7253,108.5355,244.9007,136.6237,192.9479,127189.6379,121745.2126,19.7512,2.1992,3.8339,2.2121,1.0771,12352.1335
1/4/2001,2.5978,4.1913,3.114,151008.5702,17772.0438,94036.8793,66.9404,96.1178,124.4153,120.408,62.1532,159.4866,74.0469,157964.1675,120117.5249,33.9144,2.3096,5.193,5.9772,2.5275,15966.6177
1/5/2001,3.1997,5.8798,1.2362,155062.9871,11465.2032,86481.645,86.1034,75.6752,128.5689,89.4305,152.5401,93.5727,107.5397,136989.3563,102585.0609,20.0425,1.1096,3.1563,4.0575,3.0356,23500.2813
1/6/2001,2.1083,2.3733,4.8911,146990.532,5885.146,78885.5792,115.6402,95.2049,128.0384,127.2791,323.8629,119.1327,198.7127,139408.507,113715.0042,14.3328,6.1014,4.6816,2.0555,2.9768,23328.7432
1/7/2001,5.6737,5.7539,5.4802,125934.0912,6904.1522,103065.7842,72.592,132.0394,124.4418,136.3384,87.9393,158.2037,131.7425,124731.4494,119909.6548,31.6194,0.3522,1.9481,6.2471,3.3157,24340.7507
1/8/2001,3.4565,4.7853,1.5682,151396.6634,18921.8837,85929.7472,103.1402,114.8444,87.3704,79.8505,165.2846,122.2064,135.5788,129929.4271,113650.7063,32.0101,0.3225,5.8788,0.0546,6.9548,22524.0813
1/9/2001,3.9409,3.9185,1.9858,135985.5667,11531.6219,85504.4814,88.9528,134.0221,113.1722,133.1729,300.3616,161.2629,69.9923,122226.2409,104667.3316,25.661,2.2911,6.2802,3.0215,2.5219,14973.9725
1/10/2001,3.3728,2.1982,4.0264,140126.0748,19487.2986,84047.4959,135.8268,124.7508,86.5373,106.7695,231.1734,63.8292,182.4831,146804.1378,121078.9473,18.011,6.4447,6.1708,2.8426,2.5017,16404.9884
1/11/2001,1.7767,3.4727,3.3807,145868.6787,6933.3979,93375.6547,65.3074,89.9785,73.5402,102.3953,145.8128,172.8685,103.6171,129831.4428,109332.3759,13.8013,5.9056,4.1743,0.7379,6.4148,25700.5163
1/12/2001,6.8847,5.6666,6.5704,136894.0822,14946.3432,77194.8874,64.6959,123.734,66.6728,104.85,317.9286,197.849,110.9462,146764.6792,133532.5044,26.9067,3.7707,4.609,5.7775,6.3205,9972.1024
1/1/2002,3.8553,6.5082,4.159,158731.7762,4636.0063,74619.0826,62.6523,95.4065,75.6625,64.5964,284.2866,124.309,181.8449,124757.3036,125309.2001,32.0875,0.2385,5.0696,3.5455,5.9716,10510.8885
1/2/2002,6.7883,1.9591,5.0023,140334.3975,11619.5947,104556.4083,128.1589,80.9469,66.0656,73.59,193.4366,143.7124,163.9843,146081.4782,120827.2155,18.1487,2.1773,5.9402,3.1159,5.6679,13246.6103
1/3/2002,1.5782,2.5059,2.3801,158059.5597,7625.9978,92823.897,114.9335,98.1254,127.6524,129.5161,319.6484,146.4263,108.7932,159085.1346,100326.0109,32.6851,5.9668,0.5355,3.5962,2.266,12384.7379
1/4/2002,6.3014,6.3954,1.0396,136255.7533,18724.5637,82667.3841,102.6465,93.6821,133.3682,112.8078,272.3459,163.3935,69.6979,133300.3647,116903.7473,34.9824,4.5366,3.6771,3.8674,1.732,28100.261
1/5/2002,2.2596,6.9176,4.8826,144186.1814,10176.1299,78260.3103,123.6792,89.6112,105.37,85.6866,146.7044,184.1883,126.4805,137591.72,114039.1499,23.8661,2.0957,6.477,0.4767,2.0444,18253.8532
1/6/2002,2.307,6.4077,2.9949,140860.7681,20649.468,74446.4552,117.3832,95.3969,129.6452,67.4803,158.4895,96.6012,110.5248,125517.203,110648.963,13.988,1.8291,1.3617,2.791,1.5529,17018.1861
1/7/2002,4.992,6.6837,2.845,137809.938,12441.9308,104117.6695,73.7445,94.3203,108.244,70.524,305.6238,156.1357,97.0017,126263.9207,116560.4948,32.268,2.8911,1.101,1.6384,5.9089,11641.5742
1/8/2002,5.274,2.4671,4.1358,148063.389,4722.4603,66863.3911,131.5926,103.5154,113.1362,86.9826,247.6826,109.511,66.9702,127631.8952,103300.8941,20.2952,5.0515,5.3207,1.3381,6.1714,19431.2921
1/9/2002,6.7815,2.1859,4.0977,142935.7185,7276.887,100463.6022,99.2336,111.785,90.34,103.2507,225.3006,159.7833,168.7284,130136.0907,113935.0324,16.2875,4.8084,2.9797,6.5345,2.8391,16183.0088
1/10/2002,6.6871,4.7096,5.7288,143869.3217,13065.0457,103344.3225,92.9421,72.829,137.1074,132.1463,179.332,145.2319,119.3632,119077.5515,102871.8757,18.1272,0.8021,3.8034,0.1805,2.78,12043.7643
1/11/2002,6.5175,1.5034,3.5671,155330.9441,8607.0206,94510.4095,134.9478,113.3069,131.627,112.3804,280.5829,112.9982,119.1267,125321.5632,113232.4445,31.3244,5.6158,2.1903,2.3603,5.803,11097.4279
1/12/2002,4.4619,1.0987,3.0378,153304.4742,19652.1389,70714.4896,95.7587,72.2758,124.5374,116.1359,257.9885,176.4177,136.9614,146847.0114,115509.947,27.8359,6.2333,1.8961,3.6715,3.455,14602.6371
1/1/2003,2.7999,6.0819,5.1984,125340.7953,11947.8947,74497.0337,69.5998,102.7641,112.4422,74.3036,274.5978,188.5678,116.6498,127326.2602,119931.5387,29.8306,6.2621,4.2527,5.9087,5.9092,19640.8798
1/2/2003,0.9819,2.224,4.0945,135843.6049,11887.8981,75219.3276,98.0611,103.2999,65.817,80.4432,173.1381,191.2803,105.3901,139774.4851,98854.3658,25.862,2.9791,0.1838,5.2593,2.9447,26200.3813
1/3/2003,2.7075,3.1345,2.881,154513.4472,6325.1568,80489.9038,120.519,84.5157,87.7321,66.4677,304.4613,116.7783,68.258,140438.4347,102661.2659,28.7043,3.7277,0.5596,6.1047,5.4597,22114.4
1/4/2003,2.2062,6.4184,3.881,153109.0341,17645.6863,93615.3271,129.8215,122.0012,72.0617,81.7983,243.7859,86.4651,71.945,121925.8664,97900.3237,23.3315,0.3283,6.3299,4.2601,0.9642,16812.9498
1/5/2003,4.2781,6.1385,5.9269,128279.7789,10118.6281,98417.3467,116.1468,98.7304,113.6495,95.9228,72.5066,129.8721,75.758,123738.7188,127437.2185,13.9699,4.4293,0.1648,1.0649,3.0032,26158.882
1/6/2003,3.9054,5.7647,1.7352,162536.2131,21307.3544,89373.5723,60.2029,84.6057,99.0745,121.0122,151.0304,186.9939,67.2832,157571.648,95886.0657,29.867,1.6372,1.6835,5.4572,4.4786,24091.1927
1/7/2003,0.7682,2.6796,1.2076,137446.4002,20074.4573,94181.2132,107.5616,139.5493,131.0971,126.883,200.1859,105.3521,102.9863,157811.9141,118919.9159,15.7626,2.9225,4.8633,1.8947,3.134,9701.1491
1/8/2003,3.3616,4.0731,4.4463,128237.1334,9940.4725,79465.0927,94.1548,116.5967,112.7999,88.5012,303.9239,68.3997,108.0185,117623.7965,100105.8132,20.9962,3.6644,4.7137,5.5285,5.7708,22976.3844
1/9/2003,5.8658,1.8964,5.8872,126766.3189,13686.4374,72840.8365,84.0763,134.2037,71.7981,89.2275,242.1853,107.3325,175.8165,118985.9637,98911.1468,20.9596,3.4227,2.5288,4.799,3.5834,27404.3072
1/10/2003,4.6048,5.125,3.5786,127487.618,8502.907,83428.4434,109.8259,93.9951,89.8977,89.9268,241.5051,138.5649,199.8229,133681.036,111594.7506,13.839,1.8617,5.5219,6.3666,6.9725,27382.0843
1/11/2003,0.4226,4.7628,1.0386,133342.2267,11567.3287,101271.9589,104.6298,74.9846,101.7276,139.4165,279.4629,74.6558,102.9019,124568.4907,110111.0337,26.7163,2.8628,6.4191,4.3451,1.6866,12671.1089
1/12/2003,0.5918,3.4355,4.3736,154760.478,16759.1884,95798.5551,134.6579,93.9078,81.8888,93.0042,185.3597,65.8072,121.1707,138548.8019,104200.5536,33.8234,0.9086,0.2315,5.5717,3.9969,27858.5481
1/1/2004,1.1718,6.153,1.3839,139310.0849,10869.3418,87594.9967,119.919,85.9854,101.9553,108.7739,257.3962,116.6117,86.5214,137646.0684,131118.3375,16.5888,0.2857,4.9772,6.4586,1.5832,20240.5798
1/2/2004,5.7764,5.2718,1.6029,126150.1914,17797.8967,77726.6187,107.67,106.527,94.3657,70.9028,271.5769,94.583,89.37,141025.1311,113809.6016,30.176,4.7941,4.6417,1.4302,1.5349,14946.5107
1/3/2004,6.9228,6.3947,1.6668,160550.1278,17257.6883,75450.9469,117.2034,96.3024,110.966,132.2938,73.8042,141.085,171.1384,130312.8247,102433.5698,25.934,0.8494,1.2694,1.8988,4.3719,10496.733
1/4/2004,2.881,4.8913,1.2964,150806.8895,17101.9415,92664.1569,102.7126,135.899,68.8832,118.7473,304.2991,151.0333,119.3499,158616.53,114814.1705,15.7139,0.4516,1.272,1.4682,3.5143,11905.8583
1/5/2004,6.922,4.7185,1.0503,152248.135,12891.3734,69074.7576,130.2839,130.9294,85.3918,83.6257,62.1139,190.7307,134.4465,121699.6375,123232.0604,23.6873,5.2895,2.1937,2.0084,0.5073,21157.015
1/6/2004,5.9824,2.3365,5.2456,149845.7679,6771.7478,96163.3675,62.0329,78.1069,124.9288,91.6328,143.5282,144.8909,175.228,133689.7209,120491.8069,18.9808,5.9225,6.3287,3.3577,4.8214,15108.8517
1/7/2004,1.1066,4.861,2.0611,136938.4237,6692.036,92661.6628,139.2529,129.0088,103.1123,95.4438,82.3128,124.6123,181.8499,136393.3517,99225.2826,21.8396,4.0886,1.2156,0.6748,2.2448,21574.6487
1/8/2004,5.2272,3.478,5.4295,137134.7344,19054.465,77534.8803,77.4113,87.6983,104.7013,133.0562,137.1936,197.6599,185.7106,154612.468,129110.3567,16.6484,4.5986,0.4718,4.0324,1.4366,14370.8894
1/9/2004,4.2308,1.3701,2.1837,157512.2059,16124.8683,81401.638,62.6486,96.7235,95.1926,134.1293,218.0037,106.8532,154.3282,157324.7279,108463.4539,14.0831,4.5068,5.5038,1.9682,2.1921,28941.166
1/10/2004,3.8725,1.7412,3.6057,137644.5665,11753.8858,65836.4735,101.957,83.0743,98.8334,135.3337,125.0987,111.2444,191.6529,127294.8735,95653.8379,21.9561,4.7141,1.4859,2.9184,1.6495,9149.0268
1/11/2004,4.6277,4.8722,4.3951,161416.085,12421.1198,103877.4802,81.0035,75.1895,104.6762,129.0722,68.5247,158.6037,126.6526,148988.947,102549.6148,31.5712,0.6065,2.1668,1.5044,5.7701,23659.9242
1/12/2004,6.8702,2.6577,1.8065,125969.4047,19347.3164,91373.4516,103.8568,90.3757,93.5104,61.7305,85.2342,183.3628,99.683,125993.1416,116118.9457,32.1403,2.2087,4.8037,3.4504,6.6052,20965.5266
1/1/2005,1.3341,5.9132,4.2838,140147.1518,19946.5127,100218.2691,139.7269,128.9492,127.0424,61.0826,220.4343,113.4879,133.9763,156923.8077,133730.5829,30.433,1.9472,3.2313,5.4565,1.083,13056.4279
1/2/2005,6.6117,2.5719,6.3416,155302.1485,6565.4337,93186.3463,89.9092,114.423,121.9736,115.7207,186.3956,165.4746,119.3658,150831.9581,99838.1149,25.3342,4.64,5.9318,1.8769,4.05,28270.5157
1/3/2005,2.379,2.7166,6.8047,155708.0559,20064.5506,81490.5357,132.6133,118.8878,78.7282,90.948,73.7923,143.6866,108.2051,116382.8,134400.3545,12.5689,5.0893,3.3296,0.0473,5.4473,15458.3704
1/4/2005,5.4179,3.6559,6.5376,125882.0368,8801.7406,69016.5931,126.4502,84.4268,74.8983,72.8126,321.0963,123.0526,90.3322,117190.4783,112971.2586,19.9778,2.6309,5.8744,5.2332,1.0356,14247.7495
1/5/2005,1.9583,3.8144,2.1699,136857.4664,4072.4571,83914.8348,98.9478,118.8186,120.3129,93.5296,262.7235,164.9338,95.7831,147022.0484,102488.0567,26.8383,4.6665,4.7092,1.0149,5.9928,28449.3867
1/6/2005,1.732,5.2301,2.3502,141710.0026,15171.2067,92595.5665,85.2845,115.3426,122.2435,104.5352,149.1262,194.833,125.6216,151739.5073,116026.9631,23.4741,5.8508,5.9973,6.6355,1.982,21363.3215
1/7/2005,0.4339,6.1966,6.0833,135464.1926,6446.7705,90760.8627,95.5196,134.2478,70.051,66.9498,84.7157,110.445,175.1453,156682.0657,108707.7171,34.386,5.4747,2.9315,3.5326,6.5815,15476.8858
1/8/2005,4.7436,5.8172,2.1492,137708.7654,19026.5962,77402.3919,115.6559,65.7461,95.553,103.632,128.7685,122.1872,87.4687,127252.122,98312.2535,27.5003,6.1752,3.9307,6.667,4.7517,21185.3602
1/9/2005,2.5554,1.7785,4.8473,135356.408,20244.9979,97726.1021,109.3296,129.3608,112.6117,91.9189,318.971,88.4486,98.1693,152589.6334,133327.1362,34.9154,2.2626,3.8804,4.1412,1.2821,29571.7393
1/10/2005,3.0069,5.156,5.927,142610.3286,16130.574,73939.2846,114.1358,62.4012,104.9301,106.076,163.6743,82.32,163.8113,136705.9022,108313.9955,24.7463,2.6185,3.6148,2.1681,3.9324,18053.1324
1/11/2005,6.9313,5.106,2.3772,149122.7355,6617.7072,76672.7819,128.7382,115.8649,72.0862,93.4943,242.1818,107.6135,105.6482,133222.7271,120945.7567,34.2761,0.8441,0.8026,5.6963,5.7412,18036.3516
1/12/2005,2.207,6.2802,2.1346,128318.8779,9507.1869,80093.9199,68.3264,125.6279,71.8974,115.0602,190.4671,137.826,101.3002,151401.0336,129664.6966,19.354,4.5117,1.839,3.8173,1.6882,20396.9809
1/1/2006,5.7659,3.4593,4.1689,128513.9529,14373.9983,89428.4636,108.257,132.4957,71.8665,67.0673,74.6945,73.2327,99.0906,130755.3234,125790.1172,26.8469,0.4111,1.2624,0.0785,5.2495,10016.0173
1/2/2006,3.8681,1.1676,6.5179,132357.928,4291.6431,81380.676,66.8779,83.6111,126.8008,76.5388,193.485,80.8146,101.3158,126466.7368,132484.1197,34.7087,2.2899,2.0208,4.2987,4.021,20726.3553
1/3/2006,0.8753,3.1982,6.6498,160649.9861,13360.7708,94652.4697,88.5145,108.5369,139.3627,90.9268,242.5992,135.3501,158.517,124188.9856,101418.3279,17.3063,3.947,1.4204,2.7366,0.7945,25236.1557
1/4/2006,1.7289,1.2473,1.1662,129930.7526,19925.268,94247.1735,106.4588,79.949,121.5567,86.376,147.1866,79.438,181.5665,121665.9535,115500.3419,14.6769,0.9538,2.1706,0.1839,0.6616,30233.0194
1/5/2006,0.7249,6.296,2.0522,137736.064,8455.7284,81936.0862,117.0156,120.7167,127.2876,89.295,306.0512,61.6824,111.0002,146655.8071,122648.0087,12.4562,5.993,3.3127,5.7976,3.0481,10337.5368
1/6/2006,1.6786,5.8439,1.6193,130595.9532,9909.4864,69170.5814,74.4185,93.333,84.7782,109.339,178.7566,135.2905,81.9843,159866.3607,112369.5017,17.8127,3.1189,4.1684,1.1853,1.6103,17819.0814
1/7/2006,6.1266,3.7069,6.5254,158475.8869,18849.3108,97843.8989,102.0849,96.6456,81.0669,92.6649,147.3196,187.5377,144.718,136512.1327,98035.3696,33.4366,0.0298,0.6482,3.8467,0.8521,18140.1917
1/8/2006,5.6631,5.4377,4.9361,128389.7184,5965.4671,103688.4509,60.1213,119.3973,106.4029,63.9167,85.3335,63.5794,95.9196,143747.698,111622.1814,18.7677,5.6266,5.1715,2.7367,3.3871,8721.5735
1/9/2006,4.0363,6.9676,1.9601,134161.2416,20875.9453,97332.6816,133.112,91.8347,75.1745,122.2183,290.8561,172.7118,70.1341,132713.2087,119971.9827,16.4083,4.6224,3.5231,6.6137,3.3292,17616.7081
1/10/2006,1.8748,2.3794,6.8084,153726.4685,20547.3233,84431.0887,129.0167,102.229,95.9073,104.4358,155.8113,70.2379,92.1952,119042.1,132315.0517,32.1646,6.2214,0.9629,6.7865,6.7021,12980.5574
1/11/2006,4.5825,6.2186,6.6989,130835.8035,20978.9074,83877.4263,123.5914,80.7787,74.3416,132.0244,157.0382,131.1463,143.5181,146779.2912,100902.5152,34.9582,4.483,0.6401,2.3893,6.431,13946.9895
1/12/2006,4.5252,2.9213,6.0138,155949.6649,12795.7549,102634.6609,137.5222,85.689,92.452,109.625,126.1137,76.3019,63.3636,119836.9896,126108.9764,20.9498,5.6305,3.4332,1.4182,5.9404,23592.1624
1/1/2007,4.2177,3.7546,5.9144,156633.0887,10752.5044,97634.006,111.4614,120.9768,66.7366,108.7683,279.8888,199.4408,78.2786,149227.1127,111969.2011,18.6255,4.2584,6.423,6.0947,6.0408,16722.4912
1/2/2007,0.0627,6.3176,1.0998,155805.5265,20677.8238,95437.8736,117.0499,132.3948,110.392,104.5627,249.0117,96.7204,177.0862,158922.0962,120432.6004,22.0366,0.0135,2.6042,6.1054,1.0715,13487.5271
1/3/2007,2.0735,3.2359,2.9905,156896.9401,5487.4299,70803.5687,106.4335,104.2301,111.3427,126.4037,122.318,111.703,67.6914,130322.5242,119289.2267,26.8729,1.2186,0.3585,1.7365,0.6472,9672.8408
1/4/2007,3.1511,6.8232,5.3563,142413.7532,20190.5143,81144.1839,72.4479,99.1303,137.5598,118.2248,243.8539,174.8959,131.3576,149019.3671,119319.9763,18.8267,1.3366,4.3317,6.4073,0.8998,12265.185
1/5/2007,5.1209,4.7394,6.841,127666.7349,15768.1444,82955.4825,114.6748,91.2453,121.2591,77.1374,212.8755,158.614,125.8769,132139.7051,128267.2223,15.812,6.4327,0.903,2.0501,1.3233,17595.0047
1/6/2007,3.9325,1.1637,4.8108,151415.616,17765.907,79249.8802,80.2954,126.2525,88.4578,97.0439,84.5211,156.8153,197.9135,142870.8285,102249.9093,26.6344,5.8221,1.6276,2.3475,5.8461,27747.6256
1/7/2007,2.5067,3.5115,5.0114,125890.5421,7977.2729,76427.6373,108.5289,116.8218,119.8465,121.8697,256.7171,85.4318,131.0696,152589.9339,119341.4161,13.2511,4.9651,4.9837,0.7546,2.5773,16772.9236
1/8/2007,5.65,5.5172,4.6417,162118.6881,5394.1865,83848.1419,96.3883,77.8312,122.5119,81.3464,230.9705,90.5769,140.5223,119758.8856,133103.0044,31.4428,5.7336,0.3812,0.0781,1.5159,29296.0344
1/9/2007,3.222,3.072,6.7568,126551.5821,12610.261,79256.8078,73.0681,60.0913,114.1105,77.2757,278.3128,171.7259,176.8332,158822.671,103971.1724,29.1641,4.1404,0.7537,3.4761,2.8341,28284.7849
1/10/2007,3.6079,3.4878,6.934,161155.5602,21898.5031,99834.6189,86.8377,133.2763,128.9264,128.8537,131.0087,131.6518,61.5755,152157.6483,95268.8694,34.9908,2.9081,2.5434,3.9076,2.784,9796.5085
1/11/2007,4.6997,3.3818,3.7874,129261.9826,11224.6506,102788.9678,97.3107,114.7648,75.6138,71.8313,74.923,122.9264,136.9923,120948.88,109459.1117,24.5858,2.5519,4.1043,0.3689,2.4787,19602.0394
1/12/2007,1.8171,4.4825,3.3833,154401.3684,5008.3841,74041.8771,100.3386,128.3003,69.8544,66.4996,323.1914,71.0623,74.1213,155864.7581,124044.1322,30.4082,5.1027,5.938,6.1858,5.4877,27987.7115
1/1/2008,3.8992,5.6673,4.4898,158785.9282,9466.9805,91008.6485,133.4372,106.1824,126.5085,72.3787,289.9855,84.0276,132.934,122557.0223,129020.3985,22.0367,1.1842,5.1517,0.802,2.6093,10592.5539
1/2/2008,0.453,4.8289,3.0386,139924.5134,10511.5378,90392.6706,76.8178,75.3394,75.464,88.8751,294.3535,86.3672,121.4737,156543.8936,100058.0849,21.1548,6.0471,5.9656,4.5641,6.2324,22119.0999
1/3/2008,1.7064,5.9284,3.6595,135099.3635,18717.8978,74697.2729,106.1952,127.2558,132.1257,127.4754,232.3017,105.1042,131.7768,138366.9069,122202.2562,16.229,1.3744,1.7689,1.1171,6.3612,21875.6233
1/4/2008,4.7192,3.2937,1.7563,143811.7772,16808.7257,90270.0616,102.2836,83.4882,109.9299,120.9976,195.2539,67.7227,106.1761,150427.9042,114558.3509,31.9266,3.2221,2.9405,4.4651,3.4266,26800.4808
1/5/2008,6.7472,2.4979,6.5326,135596.5423,20651.514,67135.9405,69.9061,107.6772,93.7303,61.3337,267.9431,68.1804,181.4834,152854.8666,105040.8247,26.8418,0.9708,1.5872,4.7352,6.5616,25252.4573
1/6/2008,2.5831,6.8941,6.8451,148957.1818,19193.4985,102458.7742,123.1419,138.1707,95.9912,117.7114,105.6916,181.3164,88.0196,135731.614,129473.8991,20.6967,6.019,1.3954,3.7286,2.6925,15510.3032
1/7/2008,3.8413,4.2741,6.0049,164869.0002,10149.2888,72567.8991,138.1743,130.9508,109.4316,92.966,266.2717,131.9154,123.1502,142572.2565,99858.1207,31.4912,2.7508,6.2736,1.9045,5.0436,29779.4715
1/8/2008,3.6915,6.6993,6.8354,163292.5621,16046.3764,65434.5993,98.724,118.1535,102.7698,130.3194,321.7598,173.7945,124.2176,155872.616,106970.6553,32.503,2.8835,6.005,1.9916,1.1385,22876.0918
1/9/2008,2.4833,5.2927,5.9859,142436.5204,5019.2436,99275.8482,99.2094,108.1657,134.0969,82.6403,62.1818,164.9188,172.3118,143738.1729,113975.2172,20.4123,0.2413,3.7005,6.0978,6.7895,23120.5926
1/10/2008,4.304,3.1851,3.9937,151286.5079,9415.3,94214.1429,70.5312,131.2588,83.8408,110.5948,304.6768,86.9307,161.8534,131095.0322,99565.4581,33.2559,2.4082,3.3725,2.3575,3.6702,17541.9733
1/11/2008,4.1216,3.2659,3.2125,148322.9132,13879.951,85174.9742,118.8502,76.9653,86.577,79.1974,268.9076,109.1169,188.8164,123679.8322,124740.2464,29.3755,2.0206,0.1043,2.7703,2.0084,16030.8949
1/12/2008,1.3412,1.6844,3.6114,150752.1953,12544.3586,70224.0124,122.1036,136.9346,121.3503,101.9839,129.263,150.3623,159.1086,130815.7137,117363.2766,28.4312,1.2379,4.6288,1.819,3.4406,13784.7994
1/1/2009,0.696,1.3841,2.7422,137846.2155,18125.0466,69520.445,105.6104,137.5408,100.6986,84.5421,81.0665,168.1239,177.9573,129412.8233,134335.5007,25.7501,6.1847,4.9634,6.7335,4.4633,29546.1942
1/2/2009,2.7497,5.6335,1.2708,132898.4617,9018.7053,97793.9347,91.2564,72.1362,73.3488,81.585,280.1535,79.0044,177.8441,142565.3234,127146.6564,14.585,6.4231,3.7781,5.9366,2.4068,25272.2635
1/3/2009,2.2397,6.5149,3.1845,148341.8435,19447.9898,95031.3023,123.312,82.2679,63.9689,122.8361,273.2532,157.8394,144.5522,149424.7555,118709.9239,20.8011,2.703,0.5528,6.5317,2.2471,20100.4142
1/4/2009,3.5451,1.9839,4.6866,152853.5193,11379.789,95463.5726,74.2024,133.6762,114.1035,93.9899,322.71,93.4156,120.712,144126.7816,110332.8223,12.4996,1.5533,4.3158,0.7661,5.1716,18633.9656
1/5/2009,1.5054,2.3885,2.793,158020.0537,11773.9313,77860.6314,116.3512,114.6549,116.713,124.8888,80.6085,108.5556,114.3584,122438.1598,100667.8341,22.5739,1.6566,2.1483,3.5817,0.5882,12658.2395
1/6/2009,6.9795,2.1183,1.0889,142007.679,4317.7104,88843.3366,110.7642,102.4295,96.2854,95.1746,271.9838,91.59,130.344,154680.3279,113206.3435,13.5198,6.4248,3.0822,1.2576,2.6782,23347.4149
1/7/2009,2.2902,2.6013,5.808,153372.9185,15042.6088,78713.8723,60.4253,108.2736,112.766,83.214,155.3117,142.9106,185.729,137381.5188,128248.9869,30.5909,4.7148,4.9376,4.2145,0.8169,14942.5979
1/8/2009,4.3283,6.4896,4.8713,140031.2212,12234.6199,89007.7147,132.122,104.43,100.7842,74.6383,167.762,103.3082,190.7168,145342.3838,97039.1288,30.6874,1.4564,4.4153,2.2923,2.6126,18490.6731
1/9/2009,2.8551,4.4697,2.1008,161302.9433,6369.3408,85297.8666,67.7173,126.89,109.8301,121.7643,164.641,62.9354,135.3921,148418.1688,132600.3552,20.6457,3.5721,1.8238,2.2546,2.0231,24637.6086
1/10/2009,0.4569,3.1274,6.3856,160065.6471,18015.9685,90170.2392,108.591,81.831,65.8096,109.8034,148.9484,61.4308,185.0212,151305.9539,113163.6757,24.1721,2.2278,1.0214,3.2231,6.6091,18156.2694
1/11/2009,6.0306,5.2176,5.8516,151432.3176,19962.6364,103330.6301,78.2376,91.2069,82.6015,71.6708,152.635,128.814,90.735,115557.2086,98857.0627,15.3333,5.6714,0.3617,1.7001,3.3312,23659.5937
1/12/2009,2.7157,2.5862,1.9884,137123.5867,7901.3212,96222.3645,109.2504,76.1905,139.1534,112.0305,186.2406,132.0182,86.8848,122959.6623,132574.4446,21.2654,3.7119,4.2151,2.0534,1.3849,21058.8477
1/1/2010,2.4611,4.9312,1.094,163257.4533,16590.2217,85029.6958,121.0787,69.3541,138.0403,83.7208,271.8156,65.7524,172.9948,158843.2597,131479.1653,17.3073,3.8902,1.66,3.6155,3.5344,25345.3733
1/2/2010,0.155,5.6277,2.0995,151154.3062,20194.6383,90662.7327,66.5965,69.0404,69.0263,119.7347,186.9775,61.418,193.5034,124422.155,132710.2651,21.0053,5.1704,4.297,1.1021,2.2106,26762.6491
1/3/2010,3.8912,5.604,5.8803,132556.6211,9847.2329,97236.4003,118.4014,119.6266,112.5624,135.3696,297.076,97.473,63.1663,116113.1564,97324.484,23.4831,2.6302,0.5129,2.0575,1.5335,22695.7143
1/4/2010,6.7089,4.2357,1.1101,137438.8943,5710.5659,87354.1973,71.476,76.0769,81.7055,95.4299,193.6405,101.6945,141.0314,143917.2027,122164.5065,32.9682,5.4443,2.4912,6.1286,4.156,19869.1181
1/5/2010,6.5975,4.7158,3.6999,155614.3465,21089.7433,69125.0032,110.8352,137.0817,112.1563,72.7594,152.2464,161.4066,126.7786,130558.4748,126968.5129,28.9879,0.8473,2.4345,3.4849,3.1854,21919.4971
1/6/2010,1.404,1.7389,2.2072,139405.7902,10270.5074,77622.9507,78.1763,98.0762,133.5253,77.5566,114.0362,105.7789,61.3914,133320.1994,130106.3669,34.0634,0.733,1.6443,1.2203,4.3807,8934.2868
1/7/2010,4.7188,6.4992,1.52,136143.7206,18346.0254,98043.5928,110.4248,125.2835,83.9052,63.7927,258.7574,123.5984,179.8902,152683.2453,113909.0885,34.0888,1.3034,2.8074,6.4867,2.4508,17627.38
1/8/2010,5.6674,6.3619,2.5709,147688.9613,13279.795,86705.9369,131.2298,116.655,132.1409,139.3683,185.8228,193.0517,94.1193,156755.1908,118193.6572,32.4682,4.963,1.3823,5.6315,3.9966,10362.2751
1/9/2010,3.761,5.9917,1.7651,150116.9845,8621.867,74197.1983,60.2813,90.0181,75.9126,90.7493,99.5806,141.9486,83.9126,157027.3043,101028.0041,31.2026,0.1041,2.8335,4.6158,1.7606,14665.9839
1/10/2010,4.8001,5.2661,4.099,157771.387,4038.1148,102559.0748,78.787,62.7925,75.7067,84.6253,281.6794,196.5284,196.4884,125610.0241,102787.1328,32.8542,3.0199,5.0878,4.2434,4.5415,17208.2772
1/11/2010,0.7008,6.8935,3.3733,145597.8082,5658.9085,75884.7208,124.1095,95.0439,68.5039,61.4937,190.3852,133.7381,186.1989,146109.7209,115090.9068,25.1603,2.8214,5.3586,3.3391,1.7722,22469.8488
1/12/2010,2.1271,5.5136,2.3009,135063.8726,20462.3596,98146.2459,108.1645,80.6734,127.0846,131.0046,85.9904,151.5267,180.677,141819.1842,134583.1293,27.2496,4.7042,2.8277,1.9913,5.1631,21620.2262
1/1/2011,4.8436,4.4109,3.98,146826.3632,11438.8507,79936.4176,138.5788,109.414,127.5734,92.6961,122.8587,118.2115,93.8125,130140.7563,124416.4533,24.1528,5.0904,2.3383,2.784,2.3938,16102.2761
1/2/2011,3.3146,4.4856,1.9157,136830.8631,13763.8082,102905.1927,95.326,73.3955,135.9936,67.1278,310.1237,94.7693,175.3274,116344.6216,110111.0864,31.0538,5.2775,0.4392,6.2809,4.962,23097.3657
1/3/2011,4.9458,3.7625,3.8573,146860.0449,7400.4844,104481.0389,131.3238,102.4023,98.0873,139.6467,91.7901,148.2749,83.4751,115232.651,110680.9644,30.4241,3.8648,4.6955,0.3234,5.8381,20225.1852
1/4/2011,3.1279,5.5113,4.5892,126306.6588,6740.3489,91014.2872,82.5843,71.0947,74.3055,113.8051,168.1558,77.4376,70.2734,149791.9667,108038.1556,33.6345,2.9754,5.9342,2.6834,1.2218,12146.4651
1/5/2011,2.2003,6.9516,6.1122,147819.4148,4016.7856,95929.3672,83.3595,126.7224,122.8663,85.9498,256.5405,126.9601,74.173,147667.4908,134176.8789,28.0174,5.1442,4.2782,5.3893,5.9254,14068.0599
1/6/2011,4.5911,6.4559,1.5549,147799.6509,12225.7774,98449.8201,99.8692,62.9935,78.7272,64.512,127.8554,157.8503,173.0737,150690.6733,102844.3588,13.2073,6.3128,1.641,5.2706,2.4762,29491.8044
1/7/2011,1.3016,2.3937,4.4928,144806.3036,8867.2285,85346.154,107.0626,60.4436,113.2522,98.8129,67.343,81.459,116.3745,146143.7858,133138.1543,30.9046,4.6694,4.6352,6.0969,5.5306,19484.2985
1/8/2011,0.4042,2.1184,6.2777,126664.6645,15681.4004,94451.9466,73.7553,93.1495,84.5716,104.3852,104.9041,107.46,188.0569,146917.8404,95798.1979,24.8716,0.8833,6.213,5.9326,3.5132,17247.4836
1/9/2011,2.3107,6.0873,4.2213,148074.8766,10151.9282,69998.0284,76.8985,114.536,93.6108,67.653,224.7746,130.7864,75.8367,130863.3007,100228.6444,15.8684,5.8577,2.7922,3.1749,5.7354,23810.4806
1/10/2011,6.7727,6.5334,3.6807,133259.4036,11065.4502,85797.1958,128.0864,94.8642,75.6117,95.5116,68.0217,132.6744,103.1563,158174.6158,108654.4733,16.1181,2.0115,4.9582,3.1414,5.8749,15517.8282
1/11/2011,3.9491,5.7415,2.1644,137909.4501,20100.4175,91499.9717,77.4525,76.9845,102.812,67.7793,148.6126,114.2184,87.9935,152186.2497,126287.1008,28.0863,4.8315,1.892,2.0628,0.5632,25733.3219
1/12/2011,6.5264,6.2476,5.5645,135700.509,7769.5265,104227.6931,110.6232,61.2088,99.0032,132.6285,107.0813,107.5146,170.9178,124350.7984,115437.2892,31.4463,2.797,0.1275,3.4592,2.1876,23968.9539
1/1/2012,1.9203,3.1669,5.4486,127041.0534,11362.5524,87452.258,114.7746,112.1669,65.9292,111.7697,155.9306,97.9204,63.8409,140920.8291,105129.85,22.5882,2.3516,1.942,0.8712,3.3677,23415.036
1/2/2012,3.1711,5.4731,1.7015,152467.9445,20243.3327,65653.8742,130.5258,87.023,69.4465,126.11,104.2192,69.0418,97.2919,139765.6462,130087.3987,18.1515,0.814,6.4617,6.6631,5.3676,26254.7079
1/3/2012,1.535,2.7019,6.004,143889.5762,11026.7825,72870.3003,106.6678,121.022,127.4086,61.8825,81.8114,76.2827,198.0891,144019.5169,130620.5078,33.5291,5.0141,5.3769,1.206,3.2144,14912.3628
1/4/2012,5.3679,2.0209,4.0823,127340.1755,12092.1936,95658.0383,74.39,67.9464,103.536,137.4784,133.8435,160.1512,108.7286,117116.4299,118404.1849,29.962,0.8527,1.4686,6.0076,4.0972,26498.6899
1/5/2012,1.9242,5.6332,6.8524,145459.8116,9798.9873,88398.114,95.1219,105.8623,122.4658,104.8874,192.7515,94.4719,172.6981,125723.8891,109468.5025,33.3591,2.6871,4.5423,0.7733,4.1933,28517.1017
1/6/2012,0.2311,6.9406,6.6353,140228.3267,15279.7949,88732.2057,115.4251,61.543,128.8506,83.0704,118.1595,150.5593,182.3589,159797.4779,122506.4964,29.4261,1.9372,6.4524,0.1862,4.8945,16579.9253
1/7/2012,4.9047,4.5254,4.5117,148684.2663,6813.5773,75357.8285,114.7747,128.7727,133.1827,110.5607,317.2471,121.613,77.4357,149364.0753,101604.0757,27.0965,4.0463,6.3019,6.1561,3.9615,21787.2459
1/8/2012,2.6762,5.819,1.736,159245.414,17711.1917,66332.7602,75.2291,90.9377,115.9013,107.6626,307.373,77.3521,89.1372,147911.585,99982.1596,24.5174,4.0286,4.3454,3.9552,2.917,28461.4587
1/9/2012,1.5039,3.8427,6.6719,127537.7136,17124.7748,89122.3703,96.8642,109.8958,106.4189,113.0562,282.7965,140.7224,94.3914,143063.4175,113211.3286,31.7142,5.4121,2.7273,3.0806,2.2683,14158.9402
1/10/2012,2.8853,3.6257,5.5914,156518.8034,14707.4048,79350.0596,125.1636,116.1601,84.648,116.3217,151.2221,79.337,161.14,157994.6855,123257.6585,32.6427,4.5796,2.2485,0.4255,3.4778,29549.4866
1/11/2012,3.149,2.2968,6.3024,160360.9819,20245.9008,96743.8415,74.1539,120.8646,107.7739,133.683,122.3951,99.3597,102.6984,155877.983,95197.9702,25.5534,5.0573,1.1839,1.9572,4.8445,17278.0314
1/12/2012,1.2831,4.4626,1.3706,162069.178,21924.7769,92987.68,102.5437,68.9643,62.2704,64.236,163.1269,112.9174,163.0119,157138.6999,98280.7776,14.3519,0.1162,3.4107,5.2146,1.8848,25117.8709
1/1/2013,5.5278,5.8381,5.6417,151384.0444,5152.0966,82234.2017,121.5412,123.0773,85.1154,95.9378,218.1463,120.3075,159.8176,136699.5004,134250.6743,14.6916,5.9917,5.5804,0.601,6.0444,26748.7663
1/2/2013,4.0828,1.7869,6.1232,147366.9459,21069.0125,96029.8522,124.9963,112.305,122.1373,61.4206,238.0296,108.8838,105.2956,131055.3368,108606.4673,28.1316,0.6274,2.95,4.2296,5.9737,22968.8516
1/3/2013,3.7462,2.9315,4.9761,155687.4493,19540.4581,66908.2499,137.2403,119.3267,128.4431,64.4226,210.528,121.4858,165.6266,134311.7875,115862.277,20.315,3.5032,3.5409,2.6752,3.9339,21769.9732
1/4/2013,3.7703,4.0215,4.5825,125772.4118,12604.0338,86492.6664,78.5654,97.6128,115.5715,78.5812,175.1757,162.5115,182.3564,129662.7322,105254.6129,12.3012,3.5887,2.3757,4.9684,3.897,24171.6864
1/5/2013,5.3159,1.8648,6.2806,131554.6383,14716.6737,68371.5264,106.014,90.7582,137.5374,77.5838,230.9283,150.2504,121.8116,127570.1861,113626.9568,19.4782,4.6268,2.267,5.9445,1.4116,21828.7902
1/6/2013,0.9106,4.4525,3.9419,152554.1581,19975.0887,80336.6332,138.8379,105.0986,68.2427,132.7394,140.8145,151.0204,121.4948,132656.3222,99879.6035,32.0037,4.7599,5.0464,1.3845,3.7322,22236.1611
1/7/2013,4.8412,4.0184,3.7829,147128.2973,16583.769,88689.2492,103.1811,85.5584,61.5863,62.7459,306.189,98.6093,141.6657,145409.108,134828.1562,14.6694,1.424,6.4708,5.9457,2.8238,18685.2601
1/8/2013,6.9729,1.3681,4.4991,129110.295,11542.1665,71336.3291,73.1904,73.5522,123.0093,65.6581,178.71,178.3979,75.9288,143377.4289,111616.9916,19.917,2.5154,4.4861,4.3334,4.6298,17303.4394
1/9/2013,4.3297,4.1084,1.6732,141642.9862,10790.8036,76852.5749,66.5348,117.0943,127.8898,113.2584,229.5955,150.0121,157.9325,127142.049,112695.7576,27.049,0.3499,0.7162,3.2264,3.7547,19381.3891
1/10/2013,6.6955,1.0252,1.9121,151866.088,15887.3931,69372.1664,98.7979,104.9479,61.6915,75.0895,272.5956,186.079,156.4658,122071.0748,115082.3554,27.7946,5.473,3.0436,5.6911,3.5148,21987.5622
1/11/2013,1.8849,3.8855,2.6081,158645.9077,21686.8489,80828.1443,130.8133,90.659,127.2473,79.3732,295.2383,71.618,84.2982,148113.4237,121356.9328,33.3669,2.2684,1.2726,5.6895,1.9206,16351.6237
1/12/2013,0.8063,4.9098,6.5392,155547.7363,10611.6606,104844.2984,102.9888,62.5068,124.4061,94.4052,142.8364,145.7266,175.6347,158015.172,125213.8173,21.8736,3.5249,4.5535,4.156,5.9709,9942.2803
1/1/2014,0.6255,4.2261,2.1646,131639.6957,11056.5639,93369.4453,65.2982,129.5106,117.4887,91.4967,237.3651,96.6138,178.364,125682.8997,105706.2241,26.8642,1.7566,4.8565,3.0358,6.6579,22161.2461
1/2/2014,4.2506,1.8452,5.1489,136707.3193,12111.839,92246.0477,71.2307,81.2265,63.494,137.3386,221.6638,138.6929,71.0405,133347.7063,130211.887,13.09,5.1938,6.4894,1.7911,2.3986,27312.7697
1/3/2014,2.3431,3.2961,6.7691,147473.1863,15939.5824,79361.2247,116.0863,101.5492,111.099,95.3235,301.0044,172.6175,115.1389,126486.7274,117775.8605,18.5478,0.7237,3.9868,6.3333,2.2276,27064.6061
1/4/2014,1.8449,3.2117,3.6804,148028.2657,15845.6491,79814.1488,96.0844,66.719,134.7359,95.961,121.1846,143.7896,85.6241,120754.5304,105957.7804,33.9154,6.4028,4.1932,1.5197,6.4659,11885.9779
1/5/2014,5.9076,1.6858,4.9232,149648.3519,10550.6611,90222.3875,102.6177,118.4127,105.6004,71.0997,293.5923,170.7894,164.6255,139068.5314,132549.6312,34.1246,6.0026,4.0898,6.6213,3.3132,14449.5213
1/6/2014,0.7665,2.0716,2.9728,138456.1527,19778.4798,83186.3297,60.7767,73.837,122.8182,132.0907,229.4592,94.2536,179.0545,131880.0192,119490.2451,33.8064,3.5467,5.7437,6.709,0.6915,29657.2289
1/7/2014,0.9434,6.2152,3.7118,159946.9707,15429.1123,95782.3293,87.1282,109.9375,70.0365,121.6521,234.5005,101.872,165.7873,141079.8911,107984.9294,32.522,6.159,2.3439,1.2256,0.688,22234.3853
1/8/2014,0.1115,6.8667,1.015,128578.4041,5429.1918,98216.3946,92.6425,62.4494,89.0028,102.9972,184.6443,143.2635,172.774,120946.6894,134562.0323,24.2756,3.0254,6.1417,4.193,4.728,15377.2081
1/9/2014,2.9733,4.1128,4.1468,152413.9017,10406.3779,76381.4377,95.3596,106.1788,91.296,113.333,202.8419,134.0278,96.6598,134953.9607,103088.0056,16.4457,5.7471,5.2861,0.9956,4.3966,12621.4037
1/10/2014,2.2345,1.0042,1.3418,144771.3321,8770.2503,86082.7877,100.6479,91.8124,88.7259,119.2727,136.6916,157.6092,129.8293,115879.3051,95465.0362,33.2683,3.5071,2.8325,4.4642,1.2567,14979.5752
1/11/2014,4.8986,2.1549,2.2321,154001.0797,19815.8175,103307.0292,131.3736,78.4917,115.0061,128.8461,180.3661,177.8939,134.9335,130339.4591,100133.6481,26.9817,2.7482,2.5476,2.6238,2.0249,24126.587
1/12/2014,0.2213,3.5237,2.2135,140622.6764,14676.1246,96814.7162,64.5982,99.7341,136.969,78.6172,122.0105,181.0364,140.0097,156688.996,96097.8956,28.3355,0.6641,6.0327,6.3343,2.5976,22041.0424
1/1/2015,5.7598,1.3576,4.8043,138238.9909,20160.1208,99801.2612,73.1852,101.9166,126.8865,116.3767,270.8745,139.422,106.4201,123585.8946,102330.4126,34.7695,0.8891,6.0176,2.0116,4.2659,11517.6278
1/2/2015,6.9769,3.6152,5.9476,131416.8072,7496.3633,97256.1631,134.9641,64.2447,126.5856,134.7306,210.1381,191.3295,137.298,124024.4272,120631.0089,31.0263,0.7437,4.5661,0.4825,5.3509,16404.4019
1/3/2015,4.2284,1.0542,2.2766,125272.5772,14093.7269,73437.4548,117.219,78.5268,108.3041,85.9629,172.0058,75.2752,82.7019,149240.5091,107244.5223,28.2263,6.4277,6.0504,6.5332,6.3717,15593.1675
1/4/2015,4.0016,6.4545,2.174,128643.8712,13486.2766,95993.2031,131.4138,80.6372,66.1887,82.0253,317.852,77.8869,159.959,133643.9934,112519.862,32.804,1.6514,6.3303,0.6839,2.8897,19093.2484
1/5/2015,6.3203,4.691,5.0283,125629.2447,20494.1421,99152.0579,109.659,105.8984,61.3422,67.8232,182.4326,80.1821,92.0974,136900.5264,102945.507,19.9846,4.157,3.2737,3.9107,2.8634,11941.1734
1/6/2015,0.4773,4.482,3.6919,146845.3036,21913.7179,72949.279,91.9314,130.8166,63.3438,84.0188,198.137,169.7034,106.0368,118056.526,124822.5182,15.784,6.4745,2.8198,5.7122,5.3678,16583.816
1/7/2015,4.9911,2.2538,2.031,137304.6167,18153.1045,85730.3391,72.2589,81.0312,83.1594,138.4453,164.5434,165.3901,73.56,126903.0441,102953.8704,33.5362,3.3706,0.3925,0.1108,0.7009,13422.2227
1/8/2015,6.4345,4.5337,4.971,144814.658,4754.2905,75939.9542,125.1505,127.51,135.551,101.3503,91.1165,175.9258,85.0711,158000.0355,130219.0076,17.3452,1.8524,4.6146,5.1559,5.8622,23715.6201
1/9/2015,0.8799,2.0395,1.9328,134379.2371,10634.817,81773.916,98.0835,138.883,80.3248,109.0737,285.9219,146.8432,68.9952,134930.4139,123723.5571,34.7908,6.336,5.4837,5.2994,6.3998,13545.938
1/10/2015,5.4788,6.0616,2.7354,162403.9916,12128.2782,87798.0814,73.7016,67.7564,108.3319,117.9862,300.1569,117.7421,105.3164,151796.0308,97480.4837,14.7908,2.9604,3.1254,6.5462,2.7639,8604.5569
1/11/2015,2.4473,6.8478,3.428,158079.927,18301.3871,96211.9382,103.0156,91.0724,62.7049,90.275,177.1616,185.3928,75.1769,152278.279,95298.0671,21.0722,0.4257,5.4037,3.6467,2.8427,12498.0486
1/12/2015,1.1548,3.1797,6.2607,128883.0362,18681.289,83159.2799,111.8043,136.3768,60.0632,65.2492,138.5311,186.8842,134.8428,118082.3497,118909.1873,19.4306,4.9348,6.1426,2.4263,6.6333,27739.9012
1/1/2016,0.4745,6.431,3.3174,134413.3617,4070.3432,69175.1862,88.3194,116.7376,98.7805,82.042,100.412,70.5207,155.5765,146887.9185,97964.8539,27.817,1.7977,1.5778,3.5382,6.3979,9998.2158
1/2/2016,6.8462,6.3283,2.1449,143016.4951,21374.8314,87538.1134,121.0725,102.3806,69.4792,83.023,265.0284,114.1529,194.5856,149364.999,133571.8959,23.8002,5.2972,4.8939,1.6532,4.7103,28692.9356
1/3/2016,5.8073,4.5331,3.7569,138251.6796,21224.278,86948.3148,110.573,65.1153,87.1373,82.0009,92.8782,117.744,165.6836,126049.1852,123757.4279,33.1148,0.046,0.9454,5.5512,2.659,28405.4434
1/4/2016,5.1911,5.1835,3.8726,145288.4017,9848.1448,69474.7172,103.8796,125.4459,94.8705,126.5663,243.5133,135.9208,66.389,117128.9538,95800.7075,27.6389,3.1118,0.4817,6.6784,0.6689,26949.5976
1/5/2016,4.2227,2.8218,4.1021,152867.5936,5628.7305,82082.9706,77.2166,63.0644,65.1436,81.9747,60.2198,184.1037,109.7519,142371.8528,117115.948,23.8481,5.357,5.9531,2.1203,1.0826,29792.3319
1/6/2016,1.9837,4.8373,4.8422,163981.0044,9390.6884,103255.3005,66.9362,103.1429,61.6258,95.3344,249.4575,135.6396,93.2734,115430.4652,97664.6405,17.9863,4.1793,2.5391,1.693,3.0609,18316.4634
1/7/2016,3.2841,3.1403,1.4968,148761.7787,11342.0087,78274.68,120.6138,67.5841,135.3576,98.3336,222.8419,65.0696,147.8102,138070.3423,102237.7213,16.5698,5.9523,2.8894,4.965,4.6351,18774.2652
1/8/2016,1.0053,5.2628,5.1278,127051.9884,13101.8853,104389.5348,131.2565,98.1763,60.2455,65.1934,80.7588,150.3803,175.8947,116563.8603,130365.1344,34.1951,2.1338,6.0822,1.7094,1.4987,13276.8979
1/9/2016,0.3136,6.0548,4.427,140089.8434,5157.1208,101521.4277,67.9507,91.6302,106.7758,118.0328,94.604,157.657,185.2292,124675.4336,128122.5683,31.0677,5.5029,5.6325,2.5651,0.7618,21682.0851
1/10/2016,5.0836,3.8293,2.3648,138888.3304,12141.724,68797.3966,139.8314,106.1793,71.9164,113.3743,164.6792,99.0878,114.6689,137374.9927,110950.6844,20.1513,3.9059,0.1079,3.6956,6.9771,12368.0014
1/11/2016,3.3283,2.665,3.1655,151571.463,12437.382,96821.1185,68.783,87.6024,126.1633,112.7278,122.6911,90.4879,124.2776,133002.9896,108707.6946,31.6991,1.5086,0.0722,0.5534,2.253,21823.6504
1/12/2016,6.4195,5.7331,5.7334,130803.6149,12188.1464,77643.4153,110.7663,126.8472,121.7465,88.0766,176.9873,158.8469,113.9646,131853.4664,128935.5864,17.4225,5.2316,4.71,4.0883,0.6786,23039.5687
1/1/2017,1.3268,1.8219,5.3037,126667.8966,11970.6419,86896.5921,61.2855,94.6691,102.158,106.7368,175.5021,85.0956,173.2918,124811.7043,115555.2553,24.7768,3.9273,0.8632,3.525,1.9601,30336.1884
1/2/2017,3.6653,2.8273,1.1295,148697.4242,20670.1851,78770.2356,76.8405,69.7871,105.8176,72.4229,97.7711,124.8611,154.8575,137113.1595,111133.9353,25.0592,0.6832,4.6322,0.3452,2.2302,14945.9796
1/3/2017,4.7344,4.4974,2.4474,139678.0673,10401.2306,74482.4497,102.1768,134.6845,128.3204,94.2076,229.1833,124.7667,169.5735,118476.0523,104143.5092,31.8177,4.0655,5.5175,3.6258,3.4,13112.283
1/4/2017,2.5708,4.2873,2.2562,151022.2658,18753.5628,82933.4826,107.8067,105.7793,134.9156,93.8664,171.2392,170.2962,176.884,155745.9378,132571.8887,30.4336,0.552,1.4052,0.301,4.2214,14200.9477
1/5/2017,2.8661,3.2816,2.8254,156469.0844,8680.1517,98350.6845,76.933,75.3516,103.1631,78.9477,130.2903,171.3427,189.8132,150252.9807,113329.5232,12.2156,5.7325,1.4763,4.4283,5.0646,9933.8278
1/6/2017,6.9841,1.4354,6.9714,141228.9849,15154.5796,84812.0549,121.9849,90.7161,69.9431,139.6643,276.7559,112.7239,143.8114,153746.2256,107065.8092,19.3491,3.6067,4.0295,4.7462,2.0364,14779.0638
1/7/2017,1.252,6.9308,3.2578,159909.4583,5992.3562,65949.2984,70.646,110.3213,75.695,71.4492,178.6425,85.3834,138.6891,123592.4329,104428.0564,18.5965,2.6889,5.9988,5.6818,3.6466,19664.1854
1/8/2017,1.8629,2.8187,5.9788,163026.523,14597.3456,81696.6963,117.3822,138.2625,98.3176,71.7092,109.3923,148.5991,135.7286,147913.0091,133215.4255,22.0403,5.1655,1.629,4.0807,5.8053,20302.717
1/9/2017,4.5206,3.4499,6.1511,148021.2016,4719.0018,94294.0225,125.9661,99.2875,60.025,113.9513,108.1995,185.7481,82.5471,133850.9253,117741.684,20.9538,3.3493,5.8378,2.2681,3.4567,28239.9461
1/10/2017,5.2542,1.4875,1.9976,150526.957,13332.5182,83988.3218,110.9679,83.9107,132.3917,73.5715,113.0025,190.4134,134.4365,152107.967,113374.3812,28.1225,0.2762,2.8664,5.2132,0.6454,11082.1805
1/11/2017,4.6355,5.5318,4.4016,146694.408,19478.6586,83016.5935,112.0791,127.4812,130.3758,99.1249,322.4798,92.1172,61.965,146057.1811,130927.0667,14.587,4.5158,3.4233,1.4026,1.372,29757.5652
1/12/2017,3.3044,6.8494,1.4738,127864.5195,12260.3093,82651.4541,132.869,97.1235,95.4171,104.0783,63.0878,176.4138,197.5826,157499.4663,128251.4104,22.7662,1.8454,1.7795,4.8089,0.8847,12259.5649
1/1/2018,0.9537,2.4289,5.0982,160138.4675,17778.9322,92421.3094,105.4679,132.8242,135.826,85.8074,273.0935,133.8775,166.3306,127142.6771,113204.4814,29.8438,1.2037,2.9448,4.9947,0.6894,17314.1482
1/2/2018,0.0537,2.8237,3.6216,147363.5342,7447.2227,91692.7306,133.141,115.8153,76.3619,117.6152,195.6992,183.3369,113.2492,116788.6409,131699.4878,26.3118,1.8933,0.2162,2.8922,6.9734,26557.4895
1/3/2018,0.3835,1.0878,1.677,135093.3307,18976.0916,100501.4341,98.8717,116.3997,69.2333,84.0489,128.9798,94.9966,141.3524,132606.6983,115691.7687,18.4335,0.6998,6.0087,4.4991,2.047,24889.2937
1/4/2018,6.7073,2.8157,1.4317,145874.4218,10049.4453,65753.0237,76.6714,111.2533,92.3932,78.275,276.4498,143.1399,118.6785,132615.3906,118411.4407,27.7882,4.7644,1.6778,5.7587,2.9262,9730.9307
1/5/2018,0.2971,1.438,4.1281,162359.2917,4717.362,92820.7611,83.0639,100.7598,82.9071,60.5933,89.3986,120.5605,197.92,134514.9314,121261.0084,22.406,0.0639,1.5776,5.546,4.5952,19666.2336
1/6/2018,1.524,6.8145,6.6295,145470.6718,20425.6137,75210.8494,62.6853,63.627,137.319,128.1136,264.237,199.1345,129.6818,132344.5602,105779.9401,19.1211,6.3404,6.4122,6.0105,1.4799,14124.7266
1/7/2018,2.5404,6.3317,2.5201,147779.0093,18419.7084,73286.5361,102.609,108.6671,82.9708,120.0055,256.6044,179.0243,173.0012,149792.7453,97819.3017,16.0823,2.1717,2.9208,5.7138,4.2307,27711.4419
1/8/2018,2.0768,1.0964,3.0199,155267.5195,4533.6578,84890.363,136.6431,115.7902,96.7666,75.6677,238.7137,110.5896,129.0467,155732.9132,120263.1966,30.0481,2.7771,6.2564,3.1298,5.9881,20308.8088
1/9/2018,0.456,4.0925,6.5202,129211.6297,6827.6371,104842.6415,108.1608,104.0814,65.3395,91.9625,206.5383,127.4604,155.0397,128410.7137,132652.5381,18.0451,3.6761,3.1948,4.0738,6.5112,28242.1636
1/10/2018,6.2216,1.3611,4.0188,164764.3471,19141.3387,100287.7765,91.8618,101.2057,104.2812,133.6094,225.2101,170.2267,166.208,145407.3905,134485.7364,27.7447,0.4836,2.4054,2.4781,3.6901,11367.8191
1/11/2018,3.4277,2.463,6.8517,153696.9535,8770.6247,88611.2024,131.6366,93.0574,81.3716,137.1621,292.9763,91.6014,125.5916,141742.2799,122719.5823,33.0868,3.1291,0.7535,4.413,1.4247,23476.6064
1/12/2018,6.5632,4.9446,5.7671,161944.2749,8977.1398,70439.4839,139.2202,118.6658,118.1999,127.7432,210.1163,195.6003,102.1104,132538.6112,107989.0791,30.4069,5.9967,2.5889,2.1126,3.6826,24457.5376
1/1/2019,3.2371,1.4896,1.0509,149342.1026,15947.4367,98868.3948,82.6421,88.3676,124.7866,91.5772,287.7052,166.9454,120.1214,136807.7001,114731.6508,32.322,6.0755,3.0989,2.2896,3.215,23785.2085
1/2/2019,3.3034,2.0997,2.4686,156815.5349,21350.7893,103563.6169,98.6944,76.6954,99.7746,83.4301,135.2132,166.8103,164.1173,141490.3062,117286.1343,31.7363,5.088,3.3569,1.9563,6.0074,13183.4666
1/3/2019,5.4364,2.231,3.5621,150429.7777,13843.031,86321.9897,120.0456,89.4783,129.0196,121.3747,217.3051,115.1516,90.3892,125205.6897,132103.7086,23.8433,0.0583,1.1318,3.7652,4.642,29614.2724
1/4/2019,0.7256,5.2857,5.3545,163276.1475,11414.8867,89547.405,99.9801,89.0848,61.2948,128.2129,69.0278,121.5625,128.2949,123940.0021,100418.5322,18.4869,1.0342,0.6379,0.8582,1.1483,19186.7926
1/5/2019,4.8654,4.1015,6.4434,147741.6899,9627.495,89013.3426,128.0775,125.0197,130.2425,137.5614,118.1411,158.8611,123.4328,125473.1232,100750.8682,13.3323,5.961,5.006,0.9604,3.5091,12999.1159
1/6/2019,3.0315,1.4523,6.2941,138332.0911,5037.7549,74672.4523,66.4715,135.1129,108.9597,97.4967,114.5639,147.1926,115.3037,152940.295,101424.4687,14.9125,5.1118,5.0901,4.5623,3.455,23502.7719
1/7/2019,1.5244,1.0769,2.9855,155072.869,20446.3889,96887.2063,108.3907,98.03,83.735,96.0673,231.7244,181.1859,101.4313,142108.1209,128334.5991,13.9456,0.1238,4.1567,6.6899,3.7295,24310.4401
1/8/2019,4.3307,5.1489,1.9621,158775.0401,18968.2158,88917.9018,70.1889,131.7559,127.8782,61.6807,295.3011,98.3836,88.7603,143585.018,129981.9893,32.1799,5.2837,5.5076,0.7105,6.7136,30150.1892
1/9/2019,3.3724,3.6596,5.9946,144605.5872,10151.6802,75973.5646,109.6081,99.3054,106.8981,123.9339,235.7417,184.3447,180.8145,156459.8947,128965.1184,12.5719,5.6145,5.2687,1.0533,1.7087,10980.447
1/10/2019,2.4563,2.4498,6.0992,156800.8669,18141.0357,85794.7006,62.6516,98.5591,112.8785,106.4334,75.7475,130.7246,158.9799,117410.8651,103151.4769,23.9051,5.829,2.3376,4.7551,2.3665,26601.4968
1/11/2019,6.3021,2.9651,5.2522,154692.0619,16619.5122,65638.1173,85.1536,65.3566,78.1296,123.3074,171.8179,175.4536,187.6436,123395.8391,101078.0414,22.2721,4.3441,4.4274,5.7969,1.5703,24578.5518
1/12/2019,4.5629,3.0771,5.537,157574.7151,13458.9388,102933.5985,124.1082,97.4062,117.3982,94.4919,212.6538,84.8684,180.8275,135645.464,106516.5199,30.9642,2.6408,1.46,4.1794,3.991,18975.977
1/1/2020,3.5878,5.6187,1.74,149252.0606,9146.2337,74667.573,84.8967,121.1342,92.3722,76.5679,183.9581,150.5392,115.5984,129859.601,119387.1372,14.4631,4.8098,5.8615,4.0728,1.278,28241.0938
1/2/2020,6.6725,2.2864,3.5186,141741.4404,21477.232,93940.449,103.6454,109.6924,98.6112,133.5383,180.12,157.7236,104.3359,133962.5645,98483.1713,18.3466,1.5066,5.0451,1.1839,2.3039,14388.9847
1/3/2020,4.6643,3.2355,5.1129,160878.701,14935.4913,104823.301,134.0354,129.3763,96.8115,129.8695,329.2071,140.692,184.9171,126975.1064,104205.0586,31.1776,4.3425,6.3382,5.2652,2.7212,15134.6526
1/4/2020,0.0986,3.1374,3.4651,156254.2505,9689.0308,81340.8336,96.4777,137.2364,66.2816,92.7055,81.7244,61.0959,194.5267,138791.0948,115425.83,15.4885,2.4333,2.5516,4.752,6.4454,24755.7495
1/5/2020,5.6228,1.4186,5.7043,162803.4282,6870.1853,92374.5126,121.5189,70.7931,117.9735,114.5821,302.9824,61.0488,71.4135,121149.0657,105845.4541,31.7532,1.6687,0.3317,0.2949,3.2992,12851.3893
1/6/2020,5.1954,3.7776,5.1377,146363.9868,18079.0577,102257.1248,80.0611,107.8525,136.3636,87.9302,257.6009,145.5671,102.1292,135787.2577,121721.6395,24.1124,1.7022,5.0424,5.1824,6.9083,17534.2951
1/7/2020,4.4548,4.1261,3.0265,136077.9563,10164.5856,78885.0831,79.6536,107.3887,106.2535,96.5378,143.1469,188.5612,177.1958,137366.7651,104729.5506,13.9174,5.1693,1.8717,2.0313,3.6933,29855.5582
1/8/2020,3.8386,1.4721,2.1378,147350.6983,13587.9778,87434.3189,135.9068,110.3963,125.1941,125.7634,68.1397,122.7698,118.8052,130011.4976,109989.3706,18.2434,0.9701,1.3246,3.8429,1.3472,29264.1477
1/9/2020,3.376,2.1205,2.3374,150896.4311,9198.4387,101501.4952,87.3663,90.4592,80.3802,76.0392,328.5849,165.3223,83.1233,150250.7349,105759.2811,30.9534,1.9786,4.4788,6.4324,1.5299,26325.5952
1/10/2020,3.5789,5.634,1.9382,132582.5729,14102.9869,84918.5997,129.2798,118.1162,87.5882,101.8507,121.4621,146.7194,154.9484,122126.3578,122247.0861,23.9514,4.8254,4.3581,2.0594,4.4656,20433.2173
1/11/2020,6.5048,5.5487,4.159,141857.0186,21074.5432,90661.5523,103.8459,101.0975,115.6085,89.7939,132.3356,161.8787,133.4702,143785.2812,113442.6297,23.4766,3.8293,5.4091,0.9441,3.996,19564.9948
1/12/2020,2.16,5.4389,4.4938,129515.3466,13194.2026,80883.4853,77.7969,137.4234,89.0538,71.7528,204.8778,75.4532,144.27,157321.1383,121504.2895,29.3616,5.0506,6.4038,5.3772,6.6524,27678.0123
1/1/2021,4.0495,4.4575,3.5598,159879.7402,16523.9036,75945.8571,73.8984,92.3367,66.2413,122.4484,131.176,138.6872,115.8038,120761.9845,108037.4128,31.6512,5.876,0.5528,6.1518,0.7767,15189.0814
1/2/2021,0.2871,4.1492,3.8167,160785.4933,18857.7209,98596.7489,105.0712,135.3405,80.5918,84.2618,76.5879,169.2302,74.1346,148869.7233,117981.1325,31.7896,1.8472,3.1287,1.8185,3.7064,18408.7529
1/3/2021,3.9098,5.0737,6.8236,145105.689,17063.7891,73298.4398,91.1963,104.2954,130.5834,75.8063,319.4339,127.4962,161.9071,149151.7434,114450.6485,27.9281,0.6037,5.5251,3.8774,0.6048,18216.59
1/4/2021,0.9818,3.997,3.6504,156260.3265,13534.1401,79115.752,100.4443,127.2669,104.5932,130.8828,159.413,175.0594,72.8783,134329.1365,131691.0393,26.5756,2.3774,3.1548,1.7999,5.0104,26881.425
1/5/2021,0.8093,1.6544,2.9732,160282.0563,5086.151,83273.4734,78.941,95.7989,98.389,94.1738,274.2021,186.939,188.8871,154073.7895,116590.7085,34.3521,5.0086,1.8344,1.7552,3.3093,27546.867
1/6/2021,1.4466,5.7259,1.7952,128235.4708,8786.5468,68442.6551,78.0457,139.9013,74.0427,133.7791,305.0064,165.4247,189.4435,156891.3771,99488.0413,32.3897,1.2821,4.4893,4.9348,5.7699,29817.4199
1/7/2021,3.1826,6.963,5.098,134506.3919,19393.1342,87320.0593,134.384,120.6936,62.8756,118.3671,317.5157,138.4117,183.1489,133907.5072,128409.227,26.6703,5.0593,4.9146,6.6612,6.5918,27967.304
1/8/2021,5.8231,6.5111,5.4309,142123.1336,20954.2602,66134.1223,76.6567,118.5596,79.082,115.1856,110.3727,165.1465,60.9818,139319.7891,99858.8044,21.4555,3.6897,3.2892,2.7234,3.1151,16717.176
1/9/2021,0.5523,3.8692,5.8523,134651.9992,10289.5921,72955.0094,93.1163,113.6511,91.4045,132.8178,248.6743,90.073,148.981,129983.6784,121740.2006,17.0393,1.3589,6.4402,2.0025,4.8157,21183.5756
1/10/2021,0.2995,4.2715,2.0082,148712.6815,7328.7418,75386.0246,122.6255,97.7149,108.2812,67.3908,190.2551,154.8894,186.5247,139394.9547,118382.027,16.071,2.6087,4.2054,4.0883,4.2527,21566.8078
1/11/2021,0.0468,5.1858,5.607,164021.491,21464.077,80649.985,93.0297,70.5631,113.8726,116.608,140.4555,181.6157,96.9759,144245.3831,119764.2021,23.59,1.8205,0.9373,4.1849,5.3097,18817.5593
1/12/2021,1.0391,2.3837,3.8614,129786.6283,4439.1165,101068.4779,88.5698,73.3827,70.4871,126.3127,75.6152,116.6579,63.3223,118589.3508,131094.3007,28.0206,3.7057,3.7108,3.2973,6.9599,30262.3071
1/1/2022,3.36,2.6671,1.3449,134900.121,15922.8447,96624.4087,124.7018,113.8566,117.3124,98.0222,169.9173,98.3981,156.2113,147338.679,118485.0626,34.9248,4.9242,0.4263,5.455,4.3212,14111.7442
1/2/2022,5.6048,2.3857,5.7842,142015.2094,7092.4558,90556.9748,88.685,62.0337,62.997,138.5355,277.9169,164.467,173.1247,117395.798,126346.6375,23.207,1.5895,4.0932,5.0689,0.666,9296.722
1/3/2022,6.945,2.0862,4.8352,130975.9775,15241.3045,93742.5126,111.2182,82.7183,90.1626,124.7018,317.674,151.0252,186.9212,154573.801,131383.6548,17.2489,6.4771,3.3361,5.1226,6.1475,9387.9576
1/4/2022,4.0002,4.3489,2.3273,147206.0797,10971.603,68660.0046,135.4151,109.5221,137.463,124.1645,320.5451,139.7238,85.7351,152554.951,99321.1064,20.39,4.4578,5.5354,3.5287,0.7951,11163.0992
1/5/2022,4.8284,3.6259,2.3909,162403.7148,12153.9323,80315.5554,64.4262,69.527,91.2375,89.9412,263.8235,162.9041,127.7285,156619.7387,104043.9509,13.2494,4.8626,0.8267,5.2877,4.9908,28870.6891
1/6/2022,1.8688,3.3794,3.8375,156632.8168,20235.6523,91208.8664,91.2401,69.0179,129.502,105.9319,137.5147,127.0992,162.4513,115985.3811,105825.6757,30.8967,4.4205,5.1469,3.0054,5.9015,13447.9688
1/7/2022,2.8075,2.7901,3.8463,151342.5261,21578.9966,104535.7226,135.2332,111.3861,111.6086,132.3537,303.9842,129.5311,118.5522,146504.2276,111592.4422,14.9394,2.5006,4.4048,0.6813,0.5989,15342.5708
1/8/2022,1.8111,1.1713,6.4246,163430.9603,7957.6044,68798.7787,85.1242,122.7945,92.4278,90.4407,151.54,60.7092,98.2103,117695.9265,99111.142,26.1179,4.5435,4.3262,0.6232,3.7158,8713.063
1/9/2022,3.8591,1.1072,4.8857,136881.8536,8452.3219,94702.9942,111.7077,119.9214,99.7536,122.3715,147.4833,62.1231,178.3878,158331.8835,113477.1253,19.5536,0.1556,2.1423,6.6023,5.9045,11903.6395
1/10/2022,5.2245,4.8439,5.7842,149573.0284,15998.473,79043.9099,119.7502,120.9849,102.8693,103.1308,148.9776,145.9764,113.6696,122616.7561,122225.3417,13.1456,1.7181,3.1104,4.4851,0.6408,27010.8974
1/11/2022,0.8053,5.0217,3.6024,137077.1315,4294.3026,73794.4564,63.9944,65.9663,85.6937,83.975,161.7552,164.5329,94.2927,139276.6209,95136.33,32.0185,0.184,2.6914,5.6165,3.0681,25068.1233
1/12/2022,3.7623,4.7804,5.4977,141849.4028,11478.0195,95603.8023,134.1766,60.4637,83.1277,105.7948,265.0725,65.9749,182.3996,123452.2289,131109.2714,16.4914,1.2536,5.8295,6.4454,3.5782,16236.7441
1/1/2023,1.3162,1.3802,5.0749,156468.4006,13716.5128,67001.4249,60.8241,116.2889,78.7326,126.9979,131.0559,102.3901,151.2939,147419.1517,127469.631,12.7309,1.2489,6.1757,0.029,5.3353,25777.5852
1/2/2023,4.9879,2.9475,4.7263,137621.4488,20110.4033,72250.9618,93.453,113.2078,129.1263,133.5862,294.5703,167.088,88.0628,134195.4176,129222.2672,14.4953,4.1888,6.3341,0.1237,1.4388,9577.2048
1/3/2023,2.7353,4.1596,1.4312,143408.9221,6915.0707,87246.959,114.5754,75.1382,68.8386,121.5075,182.19,101.8016,104.3448,139772.1805,102803.2275,32.6527,5.9172,2.4828,4.055,4.299,13924.5241
1/4/2023,2.5363,3.4072,6.734,158395.9357,6798.5099,76731.323,65.1537,85.9167,101.8217,98.7064,233.3829,81.5695,98.7101,151442.2487,99134.5776,13.8749,0.0479,4.3128,2.5196,5.9254,11292.8309
1/5/2023,3.162,3.0313,5.2014,152679.1943,21040.5676,77216.7075,104.5653,66.6078,71.8865,76.7843,239.8497,130.0437,104.3968,149723.1383,105537.8315,19.5836,2.6302,4.615,1.5413,6.2641,15927.2613
1/6/2023,2.931,6.825,1.7177,138550.9857,19628.4088,87252.1729,90.4373,62.495,86.4825,87.9232,277.38,126.6724,164.8026,139737.653,101153.2254,19.8157,2.8875,2.6583,0.3439,2.117,13099.3462
1/7/2023,2.8079,3.3248,4.6072,130460.7882,13974.6742,83516.0421,77.1831,101.913,138.7868,131.5338,178.3466,103.5381,68.0873,144518.0866,124839.1842,30.6336,3.6223,1.9931,3.0035,2.489,19824.78
1/8/2023,5.7739,5.8744,3.2463,135263.0424,19855.8315,74622.6822,109.6562,95.0947,75.5944,83.9327,217.6416,130.1278,137.4556,135222.9189,109634.4191,33.1459,3.1027,1.8837,5.986,6.5027,11189.044
1/9/2023,3.0013,3.8715,4.9258,153403.634,21949.9745,65446.743,95.6032,80.9586,88.5209,86.6013,327.2988,174.1662,155.5591,134876.2063,97608.7506,23.313,3.7726,1.0375,5.4911,0.8035,24856.2271
1/10/2023,4.779,5.999,5.7489,155629.7668,16316.2807,66713.6979,96.6601,99.9158,107.8874,88.3371,174.7995,135.9714,74.6586,159657.8506,106728.1775,14.3363,4.7617,5.2105,1.1224,5.7809,20125.2573
1/11/2023,1.237,2.3437,2.299,139711.3153,4871.3275,103088.3452,124.3172,99.4556,121.6128,135.5946,190.9043,185.0714,83.2236,146610.6849,130613.2909,27.3187,3.2851,6.4032,3.1247,6.9837,12917.5737
1/12/2023,6.0195,1.3206,3.0829,139473.3969,17825.7167,92812.3436,139.2325,105.5437,121.3951,95.7116,67.452,114.2055,113.5506,140070.1983,109893.75,25.1605,2.0349,0.5437,4.229,3.4405,18367.0253
1/1/2024,5.708,3.3601,4.7614,137120.8756,18603.5508,83920.0834,83.6288,139.4999,69.692,66.522,124.3611,147.0272,102.8989,146540.2834,123550.5682,22.3425,4.1064,4.6772,2.408,6.3129,24896.5305
1/2/2024,0.6172,5.8497,3.1701,142534.176,14083.181,82190.3785,104.778,133.1856,102.4402,115.3117,262.0782,127.5994,183.2947,139174.3898,132056.3758,18.1851,6.3285,1.1206,0.153,4.0574,20131.8255
1/3/2024,6.4142,4.3385,3.3585,151348.2104,20985.9953,81281.782,60.3404,133.1015,114.8907,93.1123,220.8458,110.8472,125.685,119108.9799,128719.1744,31.547,4.6193,2.9759,4.6747,2.6384,21169.5165
1/4/2024,1.9564,3.8684,6.9007,151769.7233,18433.0433,77346.7198,87.7061,135.1807,127.0426,115.6633,197.2684,77.1006,129.5988,134069.1069,127926.7507,21.5441,2.534,6.4519,0.7983,5.8296,12432.156
1/5/2024,1.0719,6.5311,6.7628,163483.5129,16696.9311,69739.2539,70.7432,98.5565,115.0312,101.2806,246.1189,163.2664,91.2441,139883.0325,116540.6553,20.3006,4.2644,1.4807,2.7661,4.0398,18648.8698
1/6/2024,1.7317,3.8086,4.3774,137907.8104,12104.1269,94279.5606,104.904,114.6064,125.2422,78.7345,74.7941,75.635,92.224,140344.6453,95989.4434,17.5337,2.3008,5.994,6.3458,6.0723,24372.1704
1/7/2024,5.8325,5.9611,6.9504,161323.767,16572.4541,65033.6358,76.8273,106.55,76.8199,100.7568,194.4267,176.0693,185.7735,146702.9334,119571.8693,13.7194,6.2653,0.5075,3.0953,6.5454,12245.2552
1/8/2024,5.0382,1.5805,5.0298,125859.3767,4895.0674,91798.2868,119.0714,104.5859,126.4271,60.6848,205.7645,77.5176,166.4242,130233.5269,119716.1235,14.9595,5.9316,2.9293,2.9152,5.578,27650.2053
1/9/2024,5.6243,5.5588,4.3504,138936.6457,6133.7315,68299.3932,137.3074,61.1177,115.0262,101.0934,188.675,131.4639,198.1136,117921.3928,103527.2762,31.6465,3.2319,3.1109,5.8132,3.3342,11449.7569
1/10/2024,4.6221,2.0356,2.9787,148359.7392,5371.6213,100738.8501,133.3744,81.4345,139.0209,138.6594,239.0374,115.6655,92.7435,154619.8203,119518.7391,16.3374,2.6019,2.297,3.7019,1.4254,9436.2304
1/11/2024,4.5012,3.2384,2.6542,128108.49,7143.057,95741.6749,87.0249,79.3261,68.3861,88.4453,140.8893,195.8234,185.1286,124456.5699,125703.4166,30.1936,1.687,6.1657,1.7272,0.6301,22817.7037
1/12/2024,4.8454,5.9578,4.7573,141180.7908,6073.2975,104040.1077,103.0269,78.3032,119.4283,79.2992,69.4481,77.4006,136.7488,119309.774,111038.1783,30.2156,1.3189,2.2527,0.9095,6.8376,22028.6474
1/1/2025,5.2652,3.1948,2.8387,145308.111,21645.7024,74605.0277,133.2424,92.6064,139.0205,70.2043,229.1269,67.6166,144.8403,140343.3038,119999.926,16.4714,5.2067,1.9341,6.0691,3.6735,25999.3236
1/2/2025,0.0365,1.2803,4.39,138354.9435,14844.657,77489.6556,74.8006,123.3284,107.3811,83.2989,167.184,90.3896,63.6099,143166.6327,130642.1562,30.227,5.4859,4.2909,0.5249,3.581,17748.2611
1/3/2025,6.5974,2.5543,5.8956,151131.6741,8936.3553,66237.424,113.8215,80.2142,65.5958,91.847,61.1127,138.1898,94.1701,151264.6835,121015.8455,27.1041,1.8167,1.3903,5.4833,0.927,14783.1415
1/4/2025,1.2985,5.3238,6.9462,142037.3685,6342.8119,76204.5937,71.587,104.5359,107.2232,113.0055,96.3928,132.8559,190.9324,145214.1212,117775.2606,27.9959,1.17,0.2292,6.7541,2.8363,20102.1077
1/5/2025,6.1953,4.0071,4.0875,142215.2732,20339.7929,72491.8057,138.9115,104.6443,91.252,78.1191,174.2371,114.8315,80.2243,127124.537,129503.228,16.4081,5.3206,4.0463,1.571,5.7212,28880.8995
